time,dangjin_floating,dangjin_warehouse,dangjin,ulsan
2021-02-01 01:00:00,46.2036428595244,26.33710292538377,67.84486304684131,-0.7119766501773558
2021-02-01 02:00:00,45.787238949849005,25.72817437308262,66.7030269499288,1.347384609378356
2021-02-01 03:00:00,45.70724610241168,25.72817437308262,66.7030269499288,0.7145255359935109
2021-02-01 04:00:00,47.059508467420024,27.914330706567636,67.28833415002221,3.0509075770771314
2021-02-01 05:00:00,47.21602015723693,27.914330706567636,68.74483811511715,6.508019697033096
2021-02-01 06:00:00,47.21602015723693,28.150805788797005,68.74483811511715,6.5200939085910266
2021-02-01 07:00:00,45.41026036759243,27.32306477612184,67.64708601562364,7.221780786636213
2021-02-01 08:00:00,45.19637308459438,26.91570131329222,67.64708601562364,12.815997057301217
2021-02-01 09:00:00,73.39424524374218,41.07614946102351,88.82003415321526,19.63946788845971
2021-02-01 10:00:00,134.95470803751383,109.13750321095877,173.3124138630774,27.178875590831712
2021-02-01 11:00:00,158.90130536753443,128.5681683084662,193.9822621777931,35.521491796209155
2021-02-01 12:00:00,216.71653239724492,183.49800698054185,233.21719842847858,74.34222601286149
2021-02-01 13:00:00,263.6725528819034,257.7677526218333,309.72099797919276,108.90944238336881
2021-02-01 14:00:00,255.32169973329633,256.1787036862482,309.5508701403832,103.74238442866253
2021-02-01 15:00:00,311.7238494039448,242.57796246350824,325.3646916208885,94.40320013026322
2021-02-01 16:00:00,223.95084537451677,168.77296005350505,233.4710759667071,69.18667245572742
2021-02-01 17:00:00,126.79705528470988,80.2421096039191,123.52897867384479,29.99866101954619
2021-02-01 18:00:00,46.74383688410388,29.218113591197977,67.7102867037102,5.482573954780958
2021-02-01 19:00:00,46.72219762636028,23.957486695596923,65.04581181458532,-1.735322786730559
2021-02-01 20:00:00,47.043207737938104,25.984154583324514,65.50048750121738,2.9200094408819197
2021-02-01 21:00:00,49.98912479898281,27.419194880277033,66.5660815924122,6.998261864958053
2021-02-01 22:00:00,49.96218405537095,31.599771339739107,66.9318670927825,2.5398249741206036
2021-02-01 23:00:00,54.075502444828324,31.682710620131004,66.9318670927825,-0.013052869974225903
2021-02-01 24:00:00,54.67370920339841,38.95009498228979,71.44806655320038,11.03971568191146
2021-02-02 01:00:00,55.60956415101439,38.95009498228979,71.82509767803079,13.333739605319437
2021-02-02 02:00:00,55.60956415101439,45.70722130795695,72.64034138659125,15.893483594237091
2021-02-02 03:00:00,57.34618318795643,55.853265279790406,76.90816094442772,22.23168847395577
2021-02-02 04:00:00,57.34618318795643,55.853265279790406,76.90816094442772,15.828101854556428
2021-02-02 05:00:00,68.81865516263478,72.27636488520996,84.51173361662353,40.0749312791282
2021-02-02 06:00:00,205.03195079380373,177.46469697560187,279.3225343820952,69.44373004446813
2021-02-02 07:00:00,79.27687589747575,57.14361013041874,107.865239395598,12.992974925196307
2021-02-02 08:00:00,77.83493661213765,55.73521231725598,107.09323737503206,17.73266939496352
2021-02-02 09:00:00,98.6412303324247,70.67713915621273,154.22598100094993,63.2620038815597
2021-02-02 10:00:00,243.81477152103284,188.15219379470648,305.1834157506441,179.26859621558995
2021-02-02 11:00:00,458.2686216132391,346.4338461664756,504.09938201104023,281.3793950134164
2021-02-02 12:00:00,561.6349975362467,437.9496820694873,648.7714298416888,327.6289228500497
2021-02-02 13:00:00,556.5291532192263,464.0303130976327,684.1395355430653,344.57048262216625
2021-02-02 14:00:00,541.7806443142831,464.9003654654926,664.4450370411538,339.0688417269086
2021-02-02 15:00:00,479.3269728068835,373.41083954843367,530.823276266798,282.7348495466108
2021-02-02 16:00:00,329.95830940117406,280.51115305882985,409.9228872332994,231.58963867560684
2021-02-02 17:00:00,167.87826044795816,142.87832478143144,200.85501518914805,91.84109595570585
2021-02-02 18:00:00,55.94771109001289,39.16410338410524,72.80706924652074,13.837107726517386
2021-02-02 19:00:00,56.17940757357365,33.67345204554815,71.55057872473436,11.031272598175315
2021-02-02 20:00:00,56.17940757357365,31.407037166916258,71.79585425693072,11.250574093676427
2021-02-02 21:00:00,55.0406705542263,31.407037166916258,71.44539284147955,11.250574093676427
2021-02-02 22:00:00,55.0406705542263,31.407037166916258,71.44539284147955,8.739830472737113
2021-02-02 23:00:00,55.0406705542263,31.407037166916258,71.44539284147955,7.945598047544984
2021-02-02 24:00:00,55.00688112541036,38.412739181850775,71.09650390032373,7.736728620223841
2021-02-03 01:00:00,55.00688112541036,38.486875350836534,70.96958569479249,10.068527919707224
2021-02-03 02:00:00,55.00688112541036,38.72335043306591,71.56000092745154,10.090710819275879
2021-02-03 03:00:00,55.87455420826827,38.78839623030937,71.58237692762418,6.735930621265781
2021-02-03 04:00:00,55.73113507259517,36.97103493796265,67.41632913949648,4.9880223791912535
2021-02-03 05:00:00,71.00732483142365,63.60223035801595,83.88461614237754,24.48402580563054
2021-02-03 06:00:00,181.99160449255942,118.16247095668189,174.73008619401455,51.10950805644509
2021-02-03 07:00:00,68.48707132654897,47.296385814688904,93.71894223030586,5.868396758826852
2021-02-03 08:00:00,75.55754297057868,47.525363176903625,93.71894223030586,13.947953310613395
2021-02-03 09:00:00,91.41027610282028,58.49241051837897,126.95283992551295,67.72255486415877
2021-02-03 10:00:00,212.08800983532186,176.4296198362097,278.6835095855084,174.33973649796675
2021-02-03 11:00:00,422.22737791930354,311.0218463711214,452.7980503468143,277.2293060826132
2021-02-03 12:00:00,467.57020741030647,360.8634871595669,492.6595790459426,323.86574704396156
2021-02-03 13:00:00,437.33746045480115,348.9049331520991,442.5785946728566,335.1865265179888
2021-02-03 14:00:00,386.0523565200463,349.00133383257565,426.22033054433706,329.6225735006146
2021-02-03 15:00:00,370.4190009859138,331.2768474450155,399.6641432557883,297.66154140553687
2021-02-03 16:00:00,274.36643986501105,219.26032466535648,312.99476429336414,212.31725686767876
2021-02-03 17:00:00,147.08716685580137,106.59087426986129,163.16590904313486,83.01398045545825
2021-02-03 18:00:00,48.115286195013,27.203159281677,64.22667032959065,12.17363190904918
2021-02-03 19:00:00,46.232431891426764,25.947920431312344,70.39038527871627,4.148011196965544
2021-02-03 20:00:00,47.0687625295239,29.09183941338246,74.63765595671464,2.135849207186681
2021-02-03 21:00:00,46.49806978152366,28.705438212042168,73.43509440815448,2.256043306029144
2021-02-03 22:00:00,44.89781944213869,27.29082928158168,71.47416653904232,2.4875214399136
2021-02-03 23:00:00,44.683932159140646,26.883465818752068,71.47416653904232,2.4875214399136
2021-02-03 24:00:00,43.687599029769125,23.70116758971135,64.98458577780708,2.6178641397227826
2021-02-04 01:00:00,45.787238949849005,25.855543763989814,66.84061534387929,2.8214595409335055
2021-02-04 02:00:00,46.23461693572336,26.529557373867032,65.94735284826841,3.4827226007766057
2021-02-04 03:00:00,51.0464609471504,22.932610674257603,59.83590409103639,3.7247671022127427
2021-02-04 04:00:00,50.191483682274715,25.985188101960535,61.67630117956935,2.027521993877457
2021-02-04 05:00:00,71.00732483142365,63.60223035801595,83.88461614237754,16.25194251482211
2021-02-04 06:00:00,203.63001987036873,162.95454827905203,262.7565753173306,44.5122476400576
2021-02-04 07:00:00,78.20839262405188,47.864759431715356,99.57987607334036,1.20548677221932
2021-02-04 08:00:00,76.76645333871379,49.63237848697208,100.06667120042236,8.992489066581271
2021-02-04 09:00:00,98.09068764468594,68.57302499924022,147.8903510891531,66.8665206427696
2021-02-04 10:00:00,243.524235476367,188.3717305665219,304.45492901219546,176.36951619599247
2021-02-04 11:00:00,457.0675567399665,359.0248589742817,501.5632535034611,287.30449580929127
2021-02-04 12:00:00,568.3005609109131,455.2834658354937,647.5613652627582,328.5994287866404
2021-02-04 13:00:00,578.0585041264591,479.55249116785075,686.9230100104133,341.3582295445708
2021-02-04 14:00:00,544.1751835156598,471.6324101063892,674.7040055615386,333.99084040685574
2021-02-04 15:00:00,503.46925423678294,447.5464372585081,634.455269562469,299.0886402451138
2021-02-04 16:00:00,391.8403327274046,370.9758502614258,509.04107103333735,220.90791316990305
2021-02-04 17:00:00,174.1177583531941,177.21815240691026,236.9299781759178,110.7258269848471
2021-02-04 18:00:00,55.93035868679177,35.91340620411241,73.45689209878253,12.283435484398177
2021-02-04 19:00:00,51.14472840962165,31.616020916295284,66.99906118839148,6.6904761299100075
2021-02-04 20:00:00,48.15644974800221,26.11422472006521,65.18150948832249,5.955523069773604
2021-02-04 21:00:00,48.9519664708042,23.82823833594685,63.04714481779117,4.258583155804861
2021-02-04 22:00:00,47.83543963642438,24.087556832337622,64.72683380169043,6.140726643551628
2021-02-04 23:00:00,47.83543963642438,24.903070706324495,65.60449789524814,6.875679703688032
2021-02-04 24:00:00,48.57597633110034,24.70070061320216,60.560152797508806,15.096624161348254
2021-02-05 01:00:00,49.18664532946635,25.25982206342688,63.9042937027865,15.096624161348254
2021-02-05 02:00:00,47.11510898195312,26.992777005320278,65.47350541279275,15.096624161348254
2021-02-05 03:00:00,46.44991241658055,27.925818370762613,66.894061242759,15.096624161348254
2021-02-05 04:00:00,49.133355875728654,28.759368176490074,67.82127432618604,12.417696164802146
2021-02-05 05:00:00,49.05465263336603,29.04962112907832,69.17100119795691,39.57028234999534
2021-02-05 06:00:00,47.478724076835334,29.693669896738232,69.17100119795691,62.567924447392556
2021-02-05 07:00:00,48.85085767796273,29.693669896738232,69.17100119795691,7.235995565263248
2021-02-05 08:00:00,50.042517002851035,29.542781912193533,69.52650173844924,13.94186979502105
2021-02-05 09:00:00,77.09174447369934,46.58185804869013,99.56000714094402,68.07798180417717
2021-02-05 10:00:00,199.1180805208866,150.28762032710642,228.52926294911083,172.12226802693922
2021-02-05 11:00:00,329.8124728491412,238.85293431422926,330.4346860670971,241.37032291656809
2021-02-05 12:00:00,382.817239426156,290.9794891573351,411.7932426089798,269.1002198542862
2021-02-05 13:00:00,380.9228482736093,288.6914505751676,377.51418880990997,275.6728718727943
2021-02-05 14:00:00,342.1838019105715,279.6980135494835,371.36990254602347,264.459035830421
2021-02-05 15:00:00,328.6878068060874,238.88483962729822,316.0351068429507,232.06875391654853
2021-02-05 16:00:00,231.66395177691933,149.03553170644622,214.09574934463032,159.19241044200217
2021-02-05 17:00:00,115.2826076226191,65.09437485586638,113.60116141500343,88.38906826657195
2021-02-05 18:00:00,48.6137746454894,33.89683771149033,78.75806553251812,10.922519840983044
2021-02-05 19:00:00,48.8558416078235,30.89895208727315,75.34566689075169,8.413503130408108
2021-02-05 20:00:00,48.775848760386175,30.89895208727315,75.34566689075169,6.977031963554755
2021-02-05 21:00:00,48.775848760386175,30.89895208727315,75.34566689075169,5.094888475808016
2021-02-05 22:00:00,48.826237038326646,30.89895208727315,75.34566689075169,4.960224830285784
2021-02-05 23:00:00,48.826237038326646,30.89895208727315,75.34566689075169,4.960224830285784
2021-02-05 24:00:00,48.08891940219281,28.289987755026235,68.64029590975855,6.621753295837059
2021-02-06 01:00:00,48.10624436884117,28.440692576777177,68.4993000073947,6.632833406566618
2021-02-06 02:00:00,48.10624436884117,28.440692576777177,68.4993000073947,3.054086982572208
2021-02-06 03:00:00,48.10624436884117,28.440692576777177,68.5039408786009,1.7732149498735728
2021-02-06 04:00:00,48.10624436884117,28.440692576777177,68.4993000073947,1.998371917987603
2021-02-06 05:00:00,48.10624436884117,28.440692576777177,68.4993000073947,8.85085128828493
2021-02-06 06:00:00,48.08891940219281,28.27239774757486,68.63390003770952,18.626470745692192
2021-02-06 07:00:00,48.08891940219281,28.27239774757486,68.64029590975855,2.2844095203700934
2021-02-06 08:00:00,48.08891940219281,28.27239774757486,68.64029590975855,8.584936621873865
2021-02-06 09:00:00,84.92294508664894,43.06212115965608,92.94958870591525,50.8930989389955
2021-02-06 10:00:00,202.02868571668674,128.54771729136414,225.51629328270818,157.83728738196544
2021-02-06 11:00:00,311.9085289353753,235.9953367957546,359.87432694803516,269.25535750893073
2021-02-06 12:00:00,408.4268949527213,351.6542365573605,503.59992002762516,319.0965957645919
2021-02-06 13:00:00,408.75069324893224,340.9670973204511,490.0534598164839,321.1085540852789
2021-02-06 14:00:00,456.44999433911977,372.14583160025745,505.59342605053666,316.89225312875993
2021-02-06 15:00:00,439.72169986646867,361.0423176549587,493.55151105824507,277.1838207136553
2021-02-06 16:00:00,321.55483535371036,217.57715268652757,292.4056942852558,196.40498307737872
2021-02-06 17:00:00,104.18368846619512,73.81375284567834,122.79181866744436,98.17741388937351
2021-02-06 18:00:00,48.83984961870451,33.92999097243542,78.33833703270858,5.760162311126762
2021-02-06 19:00:00,48.839421592382564,30.89895208727315,75.34566689075169,3.752378461188895
2021-02-06 20:00:00,48.92665899650425,31.119573079371595,75.77481378652034,2.1415894552079036
2021-02-06 21:00:00,48.115292471892246,30.92701078597879,75.75724444205022,3.5737779374068155
2021-02-06 22:00:00,48.92665899650425,31.089826023870312,75.52558707758125,3.6768066641429833
2021-02-06 23:00:00,48.89971825289239,31.103323502815424,75.52558707758125,3.6521480226000462
2021-02-06 24:00:00,48.08891940219281,28.289987755026235,68.46887512916089,1.2906398090612259
2021-02-07 01:00:00,46.2831596125483,29.64841627056971,67.3711230296674,2.0198687945559013
2021-02-07 02:00:00,46.06927232955025,29.2410528077401,67.3711230296674,1.8839096732759035
2021-02-07 03:00:00,46.06404616745229,29.18082017862677,67.3711230296674,-0.15497299103557408
2021-02-07 04:00:00,46.06927232955025,29.2410528077401,67.3711230296674,-0.5792856605166266
2021-02-07 05:00:00,46.2831596125483,29.64841627056971,67.3711230296674,4.7414034717907585
2021-02-07 06:00:00,48.08891940219281,30.458567275793502,68.46887512916089,4.917101785298157
2021-02-07 07:00:00,48.18623721627849,30.609272097544448,68.32787922679704,4.693982914394863
2021-02-07 08:00:00,48.85085767796273,31.585138022441267,68.99493954615305,10.639107293650413
2021-02-07 09:00:00,82.33073699747699,49.76191597189407,99.45840052871995,50.395015785931626
2021-02-07 10:00:00,226.33074489312958,162.8704583661699,246.1035786686316,137.76179684664774
2021-02-07 11:00:00,421.0984129558481,332.15900750508536,460.1115014885086,250.6673856704914
2021-02-07 12:00:00,526.8757122634562,437.7103998077999,599.2686740257194,305.4486771680804
2021-02-07 13:00:00,569.6866683959066,477.28291331419683,684.4260768221903,305.8902772631233
2021-02-07 14:00:00,541.2652599390508,472.6568535369313,675.6750420587117,306.90883767183215
2021-02-07 15:00:00,531.1372252639339,464.4100595418965,658.7568198414538,270.63711421004723
2021-02-07 16:00:00,405.16058484043634,381.5981171475575,524.4614110263551,199.8761168003297
2021-02-07 17:00:00,203.50459317191584,187.79367525162684,267.04685083014334,99.73329089373108
2021-02-07 18:00:00,58.43836915463766,40.97413721431254,77.65069579955231,10.227715195869289
2021-02-07 19:00:00,58.446087573099554,38.39937777013449,77.20825089633887,6.958686640952162
2021-02-07 20:00:00,58.446087573099554,38.39937777013449,77.20825089633887,9.654456644084291
2021-02-07 21:00:00,57.72372483165978,38.39937777013449,77.20825089633887,10.373764478159446
2021-02-07 22:00:00,57.72372483165978,38.39937777013449,77.20825089633887,11.480428752888484
2021-02-07 23:00:00,57.72372483165978,38.39937777013449,77.20825089633887,14.504048172385282
2021-02-07 24:00:00,57.73998426594223,58.25542518022559,79.61375825383992,16.042596322289562
2021-02-08 01:00:00,57.73998426594223,58.25542518022559,79.61375825383992,15.737040719586801
2021-02-08 02:00:00,57.73998426594223,58.25542518022559,79.61375825383992,15.403917056715388
2021-02-08 03:00:00,57.73998426594223,58.25542518022559,79.61375825383992,15.484202845635759
2021-02-08 04:00:00,57.73998426594223,58.25542518022559,79.61375825383992,15.193496794959477
2021-02-08 05:00:00,76.58229936594309,85.50514236781557,99.13846660200939,46.99131355763751
2021-02-08 06:00:00,197.2788131800738,164.43875802215305,260.1836045083267,45.44329277380561
2021-02-08 07:00:00,81.25264408166741,57.14361013041874,107.865239395598,13.95268348234626
2021-02-08 08:00:00,79.81070479632932,55.73521231725598,107.09323737503206,18.653839719052023
2021-02-08 09:00:00,100.3118461021329,72.01880496132104,155.92047582240025,69.39566755751237
2021-02-08 10:00:00,250.58485551583126,188.8578178006062,308.2329042179095,185.85829108060645
2021-02-08 11:00:00,462.04566064960915,359.3649247808203,505.307882790836,291.445618581415
2021-02-08 12:00:00,568.3005609109131,456.1815168280994,650.015301926598,332.17220095674213
2021-02-08 13:00:00,579.307129728004,480.2586586987095,688.6410431397553,344.5886301971091
2021-02-08 14:00:00,548.389499558194,471.6863577634528,677.7117307490901,338.9576587069209
2021-02-08 15:00:00,539.7068653720344,464.4496789625435,662.0065397435702,302.44407855647324
2021-02-08 16:00:00,408.3179001846217,382.2714028083548,529.9549207684851,234.49029274816678
2021-02-08 17:00:00,203.50459317191584,188.28583685183625,267.82885357703805,122.05190462774517
2021-02-08 18:00:00,58.43836915463766,40.97413721431254,77.65069579955231,16.200918076307033
2021-02-08 19:00:00,58.446087573099554,38.39937777013449,77.20825089633887,13.969278612691113
2021-02-08 20:00:00,58.446087573099554,38.39937777013449,77.20825089633887,12.995144714942358
2021-02-08 21:00:00,58.446087573099554,38.39937777013449,77.20825089633887,12.198737980449076
2021-02-08 22:00:00,58.446087573099554,38.39937777013449,77.20825089633887,11.777036623122259
2021-02-08 23:00:00,58.446087573099554,38.39937777013449,77.20825089633887,10.335142688611262
2021-02-08 24:00:00,57.73998426594223,58.25542518022559,79.61375825383992,15.837130625891888
2021-02-09 01:00:00,57.73998426594223,58.25542518022559,79.61375825383992,15.837130625891888
2021-02-09 02:00:00,57.73998426594223,58.25542518022559,79.61375825383992,15.837130625891888
2021-02-09 03:00:00,57.34618318795643,55.853265279790406,76.90816094442772,15.837130625891888
2021-02-09 04:00:00,57.34618318795643,55.853265279790406,76.90816094442772,15.837130625891888
2021-02-09 05:00:00,76.1884982879573,83.10298246738041,96.80009848097455,53.970686937733014
2021-02-09 06:00:00,196.88501210208793,163.08612957551944,258.86721775155536,52.280681405349696
2021-02-09 07:00:00,79.27687589747575,56.83627947144927,107.66348412195275,13.252269889144998
2021-02-09 08:00:00,79.81070479632932,55.42788165828651,107.09323737503206,17.688748205488803
2021-02-09 09:00:00,100.3118461021329,70.97235706139048,154.08279894783084,69.16460058941549
2021-02-09 10:00:00,251.0955789393319,185.89791577559978,307.26402682207583,189.5696827923342
2021-02-09 11:00:00,459.2446608791103,357.07055327088,502.72842021405296,291.81128265615536
2021-02-09 12:00:00,558.1773133139708,446.3813721317736,639.9461521383756,333.4859340256713
2021-02-09 13:00:00,569.1838821310618,471.076039170697,674.6496198099976,343.646084684053
2021-02-09 14:00:00,537.1343145928246,467.68803178760345,662.360678158759,337.442877496461
2021-02-09 15:00:00,506.8176330774193,447.92151871925716,614.7530987947159,295.00199869120974
2021-02-09 16:00:00,399.26530403138344,351.72659092380604,479.4390469904934,219.82824647981406
2021-02-09 17:00:00,182.48995044064986,128.78808438665953,191.7483592765208,105.1996560159411
2021-02-09 18:00:00,51.38714480381816,33.025533106629865,68.16572477662933,10.594614302748782
2021-02-09 19:00:00,44.793263776553225,28.19734028382554,72.13583986394019,3.4482841131339748
2021-02-09 20:00:00,48.04434107706953,30.858033079268296,74.4836087773335,3.58051998412367
2021-02-09 21:00:00,48.661295925148,31.71571616690463,75.977868721821,1.8089854832665304
2021-02-09 22:00:00,48.661295925148,31.71571616690463,75.977868721821,1.524310583739865
2021-02-09 23:00:00,48.661295925148,31.71571616690463,75.977868721821,1.3852372048961585
2021-02-09 24:00:00,47.922530996200756,29.04962112907832,69.17100119795691,4.290596874943297
2021-02-10 01:00:00,48.18623721627849,28.440692576777177,68.5039408786009,4.290596874943297
2021-02-10 02:00:00,48.10624436884117,28.440692576777177,68.5039408786009,3.5563291665691565
2021-02-10 03:00:00,48.10624436884117,28.440692576777177,68.5039408786009,4.10025283407708
2021-02-10 04:00:00,48.10624436884117,28.440692576777177,68.5039408786009,5.265683086563992
2021-02-10 05:00:00,48.10624436884117,28.440692576777177,68.5039408786009,26.268929479556466
2021-02-10 06:00:00,48.10624436884117,28.423102569325806,68.5039408786009,29.306581568691712
2021-02-10 07:00:00,48.10624436884117,28.423102569325806,68.4993000073947,1.9061371288590347
2021-02-10 08:00:00,48.18623721627849,28.423102569325806,68.4993000073947,7.963266187224817
2021-02-10 09:00:00,83.17826453571111,44.332688487068516,93.5836037626187,58.36831779346203
2021-02-10 10:00:00,182.1800857679909,122.96836793066514,215.88820022234498,173.16537047708266
2021-02-10 11:00:00,322.3157477058713,213.60586004129763,310.67421444209634,276.0104090589513
2021-02-10 12:00:00,404.587107559888,302.08018868477666,434.1411911853501,321.4723176997474
2021-02-10 13:00:00,423.6701390055871,306.7773116866342,406.5456217716017,325.779028369964
2021-02-10 14:00:00,361.9365377159129,285.98418652297073,378.0457733275486,327.6494283639327
2021-02-10 15:00:00,344.7674617206282,254.30415150961153,327.1848228995448,286.4324474282364
2021-02-10 16:00:00,286.64970081916346,230.0234036146699,329.95830248562726,211.30384987870357
2021-02-10 17:00:00,161.79516765844014,132.04802983968548,217.95967894257356,108.4465188168406
2021-02-10 18:00:00,48.96058721894716,37.988093563661856,78.45022776220027,7.196470614651481
2021-02-10 19:00:00,48.91849051235412,31.233393639556123,75.86844760784238,1.1895144475353379
2021-02-10 20:00:00,47.32948215955289,30.405652626880965,74.77069550834884,-0.9162396764545647
2021-02-10 21:00:00,47.11559487655484,29.938056534938028,74.77069550834884,3.9207945751170996
2021-02-10 22:00:00,47.11559487655484,29.938056534938028,74.67481760963096,4.105998148895125
2021-02-10 23:00:00,47.11559487655484,29.938056534938028,74.67481760963096,4.0406924920954035
2021-02-10 24:00:00,46.06927232955025,26.994650650408122,67.65280970603673,5.354256691958359
2021-02-11 01:00:00,46.06927232955025,26.994650650408122,67.65280970603673,5.415960208440526
2021-02-11 02:00:00,46.06927232955025,26.994650650408122,67.65280970603673,4.109550868078254
2021-02-11 03:00:00,46.06404616745229,26.994650650408122,67.65280970603673,3.7488521290720773
2021-02-11 04:00:00,46.06404616745229,26.994650650408122,67.65280970603673,3.5173300108978047
2021-02-11 05:00:00,46.06404616745229,26.970634250245016,67.65280970603673,10.13278239279707
2021-02-11 06:00:00,46.06404616745229,26.95304424279364,67.65280970603673,20.61701720857016
2021-02-11 07:00:00,46.06404616745229,26.95304424279364,67.65280970603673,4.330098982205975
2021-02-11 08:00:00,46.06404616745229,26.95304424279364,67.65280970603673,10.58203588525591
2021-02-11 09:00:00,75.10673554798957,42.23801548671056,94.5827749770271,67.64212360835097
2021-02-11 10:00:00,182.20842770489958,124.7562981471413,227.09381983303112,148.70460727555465
2021-02-11 11:00:00,274.64412133334264,211.97509662019021,348.6121024621638,260.15289466252085
2021-02-11 12:00:00,362.9431445823811,319.9659216610831,469.32903080721104,307.601741724166
2021-02-11 13:00:00,419.3956115312624,367.67190399766224,505.03623972332963,304.11050714756493
2021-02-11 14:00:00,464.9017212075966,378.0725502260636,506.13727050594326,284.378421581067
2021-02-11 15:00:00,483.06229839614707,416.0855703301715,566.6087479601327,244.47030022129775
2021-02-11 16:00:00,376.6838261539697,312.49212086517264,417.80448038668357,192.06321790203606
2021-02-11 17:00:00,186.2207168865019,154.97758442268739,239.5339497475818,88.80763455008707
2021-02-11 18:00:00,48.96058721894716,40.31882353722197,78.12015597604311,9.209864246623424
2021-02-11 19:00:00,48.91849051235412,33.40621723301729,76.47148078602426,5.202113792610749
2021-02-11 20:00:00,47.360601773543884,32.57847622034212,75.37372868653071,6.51092103061487
2021-02-11 21:00:00,47.14671449054583,29.921806958381854,75.29792005091447,6.205228420144553
2021-02-11 22:00:00,47.11559487655484,29.998289164051357,74.77069550834884,4.635703963553104
2021-02-11 23:00:00,47.28712055897815,30.405652626880965,74.77069550834884,4.678583134116296
2021-02-11 24:00:00,48.10624436884117,28.440692576777177,68.61420677437258,2.4443457131217428
2021-02-12 01:00:00,46.300484579196656,27.61295156410201,67.51645467487909,2.8525496204732192
2021-02-12 02:00:00,46.08659729619861,27.205588101272394,67.51645467487909,3.022582138255577
2021-02-12 03:00:00,46.08659729619861,27.145355472159068,67.51645467487909,3.184838920357284
2021-02-12 04:00:00,46.08659729619861,27.145355472159068,67.51181380367288,2.9712064456534697
2021-02-12 05:00:00,46.08659729619861,27.145355472159068,67.51181380367288,5.322351003904494
2021-02-12 06:00:00,46.06404616745229,26.95304424279364,67.65280970603673,4.134911717741975
2021-02-12 07:00:00,46.300484579196656,27.59536155665063,67.51181380367288,5.381979055901156
2021-02-12 08:00:00,48.10624436884117,28.423102569325806,68.60956590316637,10.187277003906566
2021-02-12 09:00:00,84.21175774073654,47.85492925162365,101.84606129463255,44.88635823923031
2021-02-12 10:00:00,224.050899177351,154.94543335508095,254.2170728222696,113.94320957789716
2021-02-12 11:00:00,420.4228480611689,282.7629096236205,421.6967390780139,175.12599351776672
2021-02-12 12:00:00,525.2126845564759,436.7309857491305,594.3161604123303,232.4581898668495
2021-02-12 13:00:00,547.9843163024192,463.4108386137926,629.6242668185671,231.26042760112935
2021-02-12 14:00:00,509.65189855564637,457.9059218491331,614.7963050083218,224.65943010142416
2021-02-12 15:00:00,504.7699581494779,449.8684047335425,599.160333637972,207.85276958923305
2021-02-12 16:00:00,395.73649538894324,360.7337988752111,492.55550334468325,143.13927943542998
2021-02-12 17:00:00,203.27352977668144,171.68780295854415,266.066931023056,69.05334940552952
2021-02-12 18:00:00,49.12381644746849,37.46003957230559,75.51260841674063,6.694708892754924
2021-02-12 19:00:00,48.117822291635264,31.995481874203563,75.01083331989913,1.298629909289986
2021-02-12 20:00:00,49.5315448609291,33.5938383578502,76.69116779577456,2.854105144429809
2021-02-12 21:00:00,48.73477713971374,33.5938383578502,76.69116779577456,2.3186898550981057
2021-02-12 22:00:00,49.5315448609291,31.71571616690463,75.9922567188748,1.477771218490166
2021-02-12 23:00:00,48.04434107706953,30.858033079268296,74.38773087861563,1.3156215278313985
2021-02-12 24:00:00,46.840452551233774,27.740103218619094,67.6598592523327,2.97009318252122
2021-02-13 01:00:00,49.53148881165577,28.759368176490074,68.44812109012976,2.6029332879493077
2021-02-13 02:00:00,49.32750477578744,29.04962112907832,69.9081138576723,3.1363981923819995
2021-02-13 03:00:00,48.32066393212787,29.04962112907832,69.91275472887851,4.197736174393655
2021-02-13 04:00:00,48.5843701522056,28.440692576777177,69.24569440952249,4.697722408631951
2021-02-13 05:00:00,48.504377304768276,28.440692576777177,69.24569440952249,22.045445513401763
2021-02-13 06:00:00,48.504377304768276,28.423102569325806,69.24569440952249,29.840167753298527
2021-02-13 07:00:00,48.5843701522056,28.423102569325806,69.24569440952249,2.505028970265587
2021-02-13 08:00:00,49.248990613889845,29.693669896738232,69.91275472887851,8.756847855761471
2021-02-13 09:00:00,82.66456089755606,55.64019030845012,102.18067961577776,77.7459072442641
2021-02-13 10:00:00,231.23002499722347,159.01996826121464,257.99495423757594,180.4051180486163
2021-02-13 11:00:00,425.91655537062394,325.63426240496324,459.5219711178891,281.7734732657628
2021-02-13 12:00:00,526.0860999005141,433.9513444837508,588.2057238056467,324.559261466585
2021-02-13 13:00:00,549.0468407637194,465.21950091742565,622.1656266026141,329.04444414003154
2021-02-13 14:00:00,535.2331810615381,470.1560227627315,647.7485290515051,308.8517033409496
2021-02-13 15:00:00,527.0132740409858,461.4791695973236,629.8245645711045,271.7514555119298
2021-02-13 16:00:00,432.7542200855987,386.18302704868967,519.6928280258059,196.13902497182923
2021-02-13 17:00:00,212.41269413373098,208.67698889173585,284.4146652955277,91.0844938911186
2021-02-13 18:00:00,52.9329241881161,32.0749431789776,64.45663111958679,9.103044503705013
2021-02-13 19:00:00,48.27593417292624,24.903070706324495,65.60449789524814,3.555959557009571
2021-02-13 20:00:00,45.93912460201085,29.213334729274834,73.55639569390644,4.471481275760272
2021-02-13 21:00:00,49.059428861075126,31.71571616690463,76.7196222527426,3.2639143603980494
2021-02-13 22:00:00,49.85619658229049,31.71571616690463,76.7196222527426,3.7071773067411726
2021-02-13 23:00:00,48.44247401299665,30.858033079268296,75.11509641248342,3.717849530364946
2021-02-13 24:00:00,46.84804535250766,27.925818370762613,66.894061242759,3.143663241290922
2021-02-14 01:00:00,49.32750477578744,29.04962112907832,69.2812670937286,2.9719137693557762
2021-02-14 02:00:00,48.5843701522056,28.440692576777177,68.61420677437258,2.1826512794106043
2021-02-14 03:00:00,48.504377304768276,28.440692576777177,68.61420677437258,0.404978436518594
2021-02-14 04:00:00,48.504377304768276,28.440692576777177,68.61420677437258,0.48284209847583287
2021-02-14 05:00:00,48.504377304768276,28.440692576777177,68.61420677437258,0.5281366686204575
2021-02-14 06:00:00,48.504377304768276,28.423102569325806,68.61420677437258,0.45315137723186755
2021-02-14 07:00:00,49.248990613889845,29.693669896738232,69.27662622252238,1.3322777430783381
2021-02-14 08:00:00,56.302383792074046,25.68394577407575,68.94157874212983,7.992240407228927
2021-02-14 09:00:00,84.62917627952406,49.159758488579406,98.82526261767298,20.814269934217915
2021-02-14 10:00:00,190.68454042480133,149.34571044694295,211.20707071698448,31.151993309084343
2021-02-14 11:00:00,282.7251365689047,235.479274066614,306.73708318580947,51.93426319644002
2021-02-14 12:00:00,315.151762957019,286.4881260084117,349.4392525207186,58.50120785865054
2021-02-14 13:00:00,308.1506339678387,259.6350340104805,339.69525167898166,56.028071751713384
2021-02-14 14:00:00,278.520118599853,263.13489776143905,321.0419668957769,40.842026074214154
2021-02-14 15:00:00,291.71483013019315,263.676917805178,345.8894978522754,34.03263566657174
2021-02-14 16:00:00,259.75692423555955,231.4187098862702,303.81095377749347,22.71730626463715
2021-02-14 17:00:00,188.21505786570435,140.42133485088948,214.58271413355575,15.005352718362827
2021-02-14 18:00:00,53.80404363127229,31.687350112309293,68.08456601193312,3.920231849721849
2021-02-14 19:00:00,48.31062811905496,25.82133934543299,65.46797683523431,0.38642916477655365
2021-02-14 20:00:00,47.522628005917106,23.79467145770539,65.01330114860222,0.3649586407436433
2021-02-14 21:00:00,47.522628005917106,24.610185331692264,65.89096524215995,-0.18078071983557117
2021-02-14 22:00:00,46.781375063471955,26.205525068776044,70.86645257831823,-0.6285866218540468
2021-02-14 23:00:00,44.480452146045955,27.90445490919332,72.4219948151198,-0.14393982568578853
2021-02-14 24:00:00,45.9675533062779,27.624937652552973,67.8716218695932,-0.38388935668331853
2021-02-15 01:00:00,48.65099676542601,28.442086337536626,68.79883495302026,-0.34959515715359507
2021-02-15 02:00:00,48.43728056418322,28.743333220354355,70.2588277205628,0.08738662539867643
2021-02-15 03:00:00,47.430439720523644,28.759734341098152,70.2588277205628,1.6043215063601657
2021-02-15 04:00:00,47.614153093164056,27.89792958582382,68.93820848495015,3.919962398484224
2021-02-15 05:00:00,45.65188161370264,29.272759222111116,67.08005693721937,5.9249959050238274
2021-02-15 06:00:00,44.08573196569623,25.94057033985143,66.66084753990215,4.423336003892865
2021-02-15 07:00:00,44.29961924869429,26.408166431794367,66.66084753990215,4.889592419872115
2021-02-15 08:00:00,46.1053790383388,27.23590744446953,68.03114598779808,11.061012727371002
2021-02-15 09:00:00,82.4491136735577,42.07913209116689,89.09771026262895,65.40537492624212
2021-02-15 10:00:00,149.63835305706755,104.75166448279646,165.19976277345287,152.93831703626722
2021-02-15 11:00:00,233.37814107690318,138.64381104007813,218.0656694466329,231.1696269815835
2021-02-15 12:00:00,345.9935040681452,244.63768782974012,375.55529766415424,258.1957108637527
2021-02-15 13:00:00,494.3094382651905,356.65402188242746,547.6650913240709,266.4223901701984
2021-02-15 14:00:00,521.0956049830926,421.93734595626137,590.2419374895412,237.98649017003757
2021-02-15 15:00:00,561.1678608331596,476.34829981187676,664.3005479645591,216.12777098659706
2021-02-15 16:00:00,452.9802183672839,398.7899830962305,550.1545903126154,186.68334321857094
2021-02-15 17:00:00,216.90305289723665,221.72776109792585,303.0742690251401,112.11966129677444
2021-02-15 18:00:00,61.84245036989136,45.669692737222874,78.16311661038604,12.777901357291087
2021-02-15 19:00:00,58.446087573099554,38.39937777013449,77.20825089633887,10.67203138794516
2021-02-15 20:00:00,58.446087573099554,38.39937777013449,77.20825089633887,11.886403174606727
2021-02-15 21:00:00,57.72372483165978,38.39937777013449,77.20825089633887,12.267928834999443
2021-02-15 22:00:00,57.72372483165978,38.39937777013449,77.16055867920285,10.255854892269257
2021-02-15 23:00:00,57.72372483165978,38.39937777013449,77.16055867920285,10.790359842699006
2021-02-15 24:00:00,57.72716530257038,53.9096669341398,79.77999393357993,10.692625003610837
2021-02-16 01:00:00,57.73998426594223,54.07136568612021,79.60911738263371,10.692625003610837
2021-02-16 02:00:00,57.73998426594223,54.07136568612021,79.60911738263371,10.692625003610837
2021-02-16 03:00:00,57.73998426594223,58.25542518022559,79.61375825383992,10.692625003610837
2021-02-16 04:00:00,57.73998426594223,57.86463537888747,79.61375825383992,9.477745934247373
2021-02-16 05:00:00,118.49133271356293,98.79946748611503,140.61602767849894,49.030109669270594
2021-02-16 06:00:00,185.4179596285253,138.52345350822944,232.19235632653397,40.33209239339081
2021-02-16 07:00:00,77.95908625056373,55.42788165828651,107.37865988268004,10.072724245979103
2021-02-16 08:00:00,79.92203547138355,55.55590751638243,108.10625180362376,17.67040163882574
2021-02-16 09:00:00,106.51446786004745,75.66950041093624,144.25411992289196,84.01185551679247
2021-02-16 10:00:00,225.63856414464956,186.13603590383562,262.43622705387133,202.00236926958175
2021-02-16 11:00:00,313.1731904594874,276.6055232966749,338.2764749207201,287.6000497810038
2021-02-16 12:00:00,355.3178384422134,276.54619075631206,354.89472946788925,330.64031878254843
2021-02-16 13:00:00,341.1592663868801,255.89057264824513,369.17503519443443,345.38860413901256
2021-02-16 14:00:00,287.43795422884625,210.5594567734125,308.73484464183133,330.1182707148958
2021-02-16 15:00:00,277.58328316489786,183.90313988247468,260.248715111761,290.0636323328958
2021-02-16 16:00:00,305.6868320953013,228.1409838744647,389.89772530339405,207.19418665737115
2021-02-16 17:00:00,192.78567730638505,175.22231617748113,242.38217378919907,100.70534166681153
2021-02-16 18:00:00,61.84245036989136,42.17262103362301,78.23350777171247,18.362347798151394
2021-02-16 19:00:00,58.446087573099554,38.28555720994995,77.34668929764747,11.868905316190498
2021-02-16 20:00:00,58.446087573099554,38.28555720994995,77.34668929764747,11.880111335075576
2021-02-16 21:00:00,58.446087573099554,38.28555720994995,77.34668929764747,11.272555770274472
2021-02-16 22:00:00,58.446087573099554,38.28555720994995,77.34668929764747,7.179518395568276
2021-02-16 23:00:00,58.473028316711414,38.28555720994995,77.34668929764747,8.907468608652499
2021-02-16 24:00:00,59.9689799596484,53.77048496791057,79.88453613893853,15.800539357211598
2021-02-17 01:00:00,60.02528651789431,53.9096669341398,79.7576179334073,15.77802333287817
2021-02-17 02:00:00,60.02528651789431,53.9096669341398,79.7576179334073,15.77802333287817
2021-02-17 03:00:00,57.72716530257038,53.9096669341398,79.77999393357993,15.77338787854589
2021-02-17 04:00:00,57.72716530257038,53.9096669341398,79.7576179334073,16.125747641181153
2021-02-17 05:00:00,114.9062051189992,88.3127086284381,130.836234855335,56.48230914091556
2021-02-17 06:00:00,119.72396457058765,103.51501772590973,169.75469965053318,47.62143797932627
2021-02-17 07:00:00,77.88996072894598,60.810135269724725,108.26305065773734,13.287832040859298
2021-02-17 08:00:00,77.88996072894598,60.810135269724725,108.26305065773734,17.794433363329976
2021-02-17 09:00:00,109.1670697903959,76.06557067442697,144.2840005714743,84.23694158046779
2021-02-17 10:00:00,228.10376745955247,186.07695116543792,262.0694383043594,194.90867458291746
2021-02-17 11:00:00,328.5451591527113,272.8671262814704,347.67065081057126,263.4340646193486
2021-02-17 12:00:00,400.3744873667062,321.92258017109265,428.705088462357,285.32077426164074
2021-02-17 13:00:00,416.4640040757656,307.34103698864425,435.9223996043518,348.36436675885716
2021-02-17 14:00:00,351.5848008983609,302.6007631235054,419.8628309807221,339.3780516014124
2021-02-17 15:00:00,335.19646780306994,287.67739460163517,411.46153736642833,311.89704552055076
2021-02-17 16:00:00,309.3503359199486,256.94007747910604,352.5303878386673,243.85585864187647
2021-02-17 17:00:00,189.22135602378623,167.32587764479374,235.6436223765726,128.02566620776633
2021-02-17 18:00:00,59.16946551866379,41.30702480054575,78.02902836269395,17.782239967325676
2021-02-17 19:00:00,56.15497706593117,38.122741972058414,77.57834666211646,13.842476991737492
2021-02-17 20:00:00,56.15497706593117,38.122741972058414,77.57834666211646,12.624368899917393
2021-02-17 21:00:00,56.15497706593117,38.122741972058414,77.57834666211646,11.34282814256315
2021-02-17 22:00:00,57.75066557527165,38.28555720994995,77.34668929764747,9.785011513912833
2021-02-17 23:00:00,57.75066557527165,38.28555720994995,77.34668929764747,9.86118386282393
2021-02-17 24:00:00,57.72716530257038,53.9096669341398,79.77999393357993,14.995924539799105
2021-02-18 01:00:00,57.72716530257038,53.9096669341398,79.77999393357993,11.93069298374813
2021-02-18 02:00:00,57.72716530257038,53.9096669341398,79.77999393357993,10.254737351647337
2021-02-18 03:00:00,57.72716530257038,53.9096669341398,79.77999393357993,9.012866500226256
2021-02-18 04:00:00,57.72716530257038,53.9096669341398,79.77999393357993,8.930154338857646
2021-02-18 05:00:00,117.3277782183784,88.3127086284381,130.85861085550764,72.99491734453426
2021-02-18 06:00:00,122.59564530619855,104.98923813132114,171.25177979864006,39.81645088321459
2021-02-18 07:00:00,77.94626728719189,55.55590751638243,107.54953643362626,8.112160363115654
2021-02-18 08:00:00,77.94626728719189,55.55590751638243,107.54953643362626,15.82931795041379
2021-02-18 09:00:00,109.6985516857546,75.44687407089158,143.96989656459422,88.32428429451356
2021-02-18 10:00:00,230.675021326585,187.90215386355965,262.739283645893,202.96977931676665
2021-02-18 11:00:00,442.6375499867686,317.5766436620865,433.16755820790263,292.49397367494385
2021-02-18 12:00:00,541.3865349857098,387.64964263768974,537.4967426523218,337.80801451853546
2021-02-18 13:00:00,580.1256939145802,391.1648251636484,564.4792903288691,355.26912934394045
2021-02-18 14:00:00,496.7621577445248,384.8594063851054,541.5390078698487,347.9998264869035
2021-02-18 15:00:00,477.1748062773609,389.30960139308417,502.41877225876334,311.6179244285979
2021-02-18 16:00:00,421.4254581348205,365.33025559340473,498.49311051794217,243.44466225789733
2021-02-18 17:00:00,216.5958802976219,207.33070191939922,294.0173208495052,124.15159244683372
2021-02-18 18:00:00,61.2330683984788,45.669692737222874,78.16311661038604,13.912126314850033
2021-02-18 19:00:00,57.72372483165978,38.39937777013449,77.20825089633887,10.360653492019075
2021-02-18 20:00:00,57.72372483165978,38.39937777013449,77.20825089633887,8.675157774588813
2021-02-18 21:00:00,57.491384328980224,35.29592548315114,70.88597839523918,7.228208769127574
2021-02-18 22:00:00,57.04744694865297,33.950087843624196,71.1804829589568,6.493255708991168
2021-02-18 23:00:00,57.04744694865297,31.683672964992308,71.42575849115313,6.493255708991168
2021-02-18 24:00:00,56.28550610756724,43.1341544763952,71.44806655320038,9.340718819255974
2021-02-19 01:00:00,52.974292776917025,28.593247355352023,63.70451154286702,8.705813194338594
2021-02-19 02:00:00,51.45741284644938,23.094309426238013,59.44585799110624,8.238310415211284
2021-02-19 03:00:00,48.974109267027465,24.70070061320216,60.560152797508806,7.501014941086081
2021-02-19 04:00:00,47.513241917880244,26.992777005320278,65.47350541279275,7.856580492967139
2021-02-19 05:00:00,52.991914849580944,30.236070059217013,69.0257953808236,58.718575693114
2021-02-19 06:00:00,47.87685701276245,29.693669896738232,69.2812670937286,19.65493758525897
2021-02-19 07:00:00,47.85986798634506,27.847380748912126,69.61588541487373,4.537523962972885
2021-02-19 08:00:00,54.634876870747526,26.902782886816606,67.03927371130185,12.895939558209298
2021-02-19 09:00:00,107.59861995977036,69.45559506598485,131.81367392874617,86.65280553261265
2021-02-19 10:00:00,257.4064043655491,203.87794318407438,304.112775190121,200.54925608111512
2021-02-19 11:00:00,468.2987678985921,344.9824083360388,514.2325858266794,290.0563530659851
2021-02-19 12:00:00,564.0307064918431,443.107177264384,589.5353417513808,334.5024409633822
2021-02-19 13:00:00,575.2893988710047,464.8436084169623,613.0337973154734,342.9564527619736
2021-02-19 14:00:00,530.48686626186,450.33706593536067,590.228271313067,336.842971424423
2021-02-19 15:00:00,509.3974042319034,425.52476981345745,575.5000386454491,288.6095116592206
2021-02-19 16:00:00,419.7423837328506,354.0878502491737,464.8995499750375,218.94540279662132
2021-02-19 17:00:00,202.73128616882457,170.639248032143,273.4770166955054,116.93156758923585
2021-02-19 18:00:00,63.94051289783365,34.86846173962529,76.9857518817173,13.687343168972257
2021-02-19 19:00:00,45.19139671248035,28.19734028382554,72.13583986394019,6.721743569173274
2021-02-19 20:00:00,48.44247401299665,30.858033079268296,74.4836087773335,5.890052775913652
2021-02-19 21:00:00,49.059428861075126,31.71571616690463,76.08813461759267,5.144306845412914
2021-02-19 22:00:00,49.85619658229049,31.71571616690463,76.08813461759267,5.144306845412914
2021-02-19 23:00:00,48.44247401299665,30.858033079268296,74.4836087773335,5.144306845412914
2021-02-19 24:00:00,46.52131463860123,27.925818370762613,66.894061242759,2.998321316355175
2021-02-20 01:00:00,49.20475809774931,28.759368176490074,67.82127432618604,1.8929602870699807
2021-02-20 02:00:00,49.000774061881,29.04962112907832,69.2812670937286,1.8632413502211236
2021-02-20 03:00:00,47.993933218221436,29.04962112907832,69.2812670937286,0.19613327085267143
2021-02-20 04:00:00,48.5843701522056,28.440692576777177,68.61420677437258,0.4992751128799515
2021-02-20 05:00:00,48.504377304768276,28.440692576777177,68.61420677437258,12.723257077438895
2021-02-20 06:00:00,48.504377304768276,28.423102569325806,69.31760712967532,6.978679347325894
2021-02-20 07:00:00,48.5843701522056,30.609272097544448,69.39341576529156,1.6082693758017133
2021-02-20 08:00:00,49.248990613889845,31.585138022441267,70.06047608464759,7.984241150677022
2021-02-20 09:00:00,109.22258946253903,73.05178596999927,108.60768302464953,68.17784756948538
2021-02-20 10:00:00,293.1708312438645,178.00486420594697,276.2712947674381,181.2238913730442
2021-02-20 11:00:00,471.089283677476,367.32287321191626,514.5991360764759,274.78026376483496
2021-02-20 12:00:00,591.4129507349459,467.8347815896145,644.9025383212667,317.2361258448395
2021-02-20 13:00:00,616.1471709454227,502.02838665460916,683.0711794395356,326.79842254358476
2021-02-20 14:00:00,587.7522615972335,489.17830663281666,678.8215039339162,317.863104606326
2021-02-20 15:00:00,561.8916232622759,482.21334258385696,664.8888430585499,285.2387548696791
2021-02-20 16:00:00,447.6845154714883,401.8477679289533,542.0775767011373,215.16018022317328
2021-02-20 17:00:00,216.34117368151453,217.61490298803395,297.4435876988208,112.70778082721569
2021-02-20 18:00:00,70.01345991967308,47.27310709397742,86.10021680566861,9.513836539020973
2021-02-20 19:00:00,57.01632733466196,31.699922541548478,71.4452603696261,2.909914738103613
2021-02-20 20:00:00,48.55458268392933,26.11422472006521,65.18150948832249,2.673050802663639
2021-02-20 21:00:00,48.233572572351505,24.903070706324495,65.60449789524814,3.9819830599922112
2021-02-20 22:00:00,45.93912460201085,29.213334729274834,73.55639569390644,3.9819830599922112
2021-02-20 23:00:00,49.059428861075126,31.71571616690463,76.08813461759267,3.9819830599922112
2021-02-20 24:00:00,48.504377304768276,28.440692576777177,68.61420677437258,2.756386068266991
2021-02-21 01:00:00,48.504377304768276,28.440692576777177,68.61420677437258,4.423494147635442
2021-02-21 02:00:00,48.504377304768276,28.440692576777177,68.61420677437258,4.30790613161858
2021-02-21 03:00:00,48.504377304768276,28.440692576777177,68.61420677437258,5.413267160903776
2021-02-21 04:00:00,48.504377304768276,28.440692576777177,68.61420677437258,4.580049459807911
2021-02-21 05:00:00,48.504377304768276,28.440692576777177,68.61420677437258,36.18450254453647
2021-02-21 06:00:00,48.504377304768276,28.423102569325806,68.61420677437258,9.336045247262975
2021-02-21 07:00:00,48.5843701522056,28.423102569325806,68.61420677437258,3.744376656230655
2021-02-21 08:00:00,48.9222598999834,29.693669896738232,69.2812670937286,10.19134209654444
2021-02-21 09:00:00,109.4194206937013,72.69675083778019,107.44375363144933,76.65048988489953
2021-02-21 10:00:00,290.7847508112324,163.07945696961488,280.9982203486051,179.95101037095841
2021-02-21 11:00:00,447.19169918529786,288.54484550238226,454.2904740219851,267.1036500476553
2021-02-21 12:00:00,560.9337064559276,401.60232538930387,589.1768356789802,316.12796246212866
2021-02-21 13:00:00,577.6743947734449,425.27137057695853,614.5789050570689,324.44167325131565
2021-02-21 14:00:00,542.295377244398,415.2750525341203,588.3982936619622,310.569082925102
2021-02-21 15:00:00,518.6844002780748,402.3616961705807,576.6297802215269,278.0585135177077
2021-02-21 16:00:00,400.68550574158263,352.5472297357812,461.52804283405493,212.25963925898773
2021-02-21 17:00:00,206.56453189723766,200.09129700917504,277.6082562429303,111.24622927483522
2021-02-21 18:00:00,65.09940133278825,34.30910515754127,74.42839880426034,15.571508360086005
2021-02-21 19:00:00,48.74292417448627,24.903070706324495,65.60449789524814,3.6538156270162605
2021-02-21 20:00:00,46.448476204145635,29.213334729274834,73.55639569390644,3.059911599023333
2021-02-21 21:00:00,49.526418862635154,31.71571616690463,76.08813461759267,2.822124833756638
2021-02-21 22:00:00,50.323186583850514,31.71571616690463,76.08813461759267,2.6768178808909227
2021-02-21 23:00:00,48.90946401455668,30.858033079268296,74.4836087773335,0.700561836470866
2021-02-21 24:00:00,46.52131463860123,27.925818370762613,66.894061242759,4.974098896135271
2021-02-22 01:00:00,49.000774061881,29.04962112907832,69.2812670937286,3.7773154135190503
2021-02-22 02:00:00,48.5843701522056,28.440692576777177,68.61420677437258,2.1719108506327687
2021-02-22 03:00:00,48.504377304768276,28.440692576777177,68.61420677437258,1.538842274106394
2021-02-22 04:00:00,48.504377304768276,28.440692576777177,68.60956590316637,4.312782998768883
2021-02-22 05:00:00,48.504377304768276,28.440692576777177,68.60956590316637,5.9764361986427845
2021-02-22 06:00:00,48.48705233811992,28.27239774757486,68.75056180553023,5.301595934833323
2021-02-22 07:00:00,48.504377304768276,28.423102569325806,68.60956590316637,5.301595934833323
2021-02-22 08:00:00,48.504377304768276,28.406701448581988,69.3129662584691,11.87446208582815
2021-02-22 09:00:00,97.86054947737973,63.163630409190354,106.84719318441451,69.99899914794607
2021-02-22 10:00:00,231.27777335469025,144.11748139078722,257.7483205430467,151.53515072230678
2021-02-22 11:00:00,286.05703704173743,231.6328331596519,375.0855426572175,251.20102855692286
2021-02-22 12:00:00,340.0493423908384,310.8387279109391,474.9343425917462,290.51698247518317
2021-02-22 13:00:00,387.2527857489703,343.76908528223265,523.6555723352311,297.3616133247412
2021-02-22 14:00:00,454.82206063643895,356.55221404250824,509.4913803294102,292.23869153777576
2021-02-22 15:00:00,484.4988458950661,367.7273452589631,498.3242195338362,265.18853968738074
2021-02-22 16:00:00,404.93120729264456,364.33862457638014,482.93805978654956,206.63203194337527
2021-02-22 17:00:00,215.42464880055323,221.51207874925126,305.2019787381082,117.94135790289829
2021-02-22 18:00:00,70.04457953366409,47.24152037334304,86.04479046528165,19.66709765844026
2021-02-22 19:00:00,58.446087573099554,38.39937777013449,77.20825089633887,10.36421131865887
2021-02-22 20:00:00,58.446087573099554,38.39937777013449,77.20825089633887,10.434353302036742
2021-02-22 21:00:00,58.446087573099554,38.39937777013449,77.20825089633887,10.66784557922871
2021-02-22 22:00:00,58.446087573099554,38.39937777013449,77.20825089633887,10.361016883225126
2021-02-22 23:00:00,58.446087573099554,38.39937777013449,77.20825089633887,12.015347918659538
2021-02-22 24:00:00,59.71575245013391,58.25542518022559,79.61375825383992,20.44195204011472
2021-02-23 01:00:00,59.71575245013391,58.25542518022559,79.61375825383992,20.44195204011472
2021-02-23 02:00:00,59.71575245013391,58.25542518022559,79.61375825383992,18.279893563705162
2021-02-23 03:00:00,59.71575245013391,58.25542518022559,79.61375825383992,18.304674919228436
2021-02-23 04:00:00,59.71575245013391,58.25542518022559,79.61375825383992,18.602289104671176
2021-02-23 05:00:00,128.564622587057,108.18188013920718,146.76230960240704,90.23221184953023
2021-02-23 06:00:00,133.06988255086307,130.71694635223517,189.11225636110262,28.750819868872057
2021-02-23 07:00:00,79.9348544347554,55.73521231725598,107.09323737503206,17.1868013639094
2021-02-23 08:00:00,79.9348544347554,55.73521231725598,107.09323737503206,22.83004749263276
2021-02-23 09:00:00,136.9156567509599,98.0980153274882,171.55380724309586,101.12926497597384
2021-02-23 10:00:00,337.21652759032605,252.49345439324756,327.3491133744953,201.26403048211444
2021-02-23 11:00:00,510.2708488780329,415.50002986493183,536.0047567598242,278.34927538266896
2021-02-23 12:00:00,599.5649538361985,495.3289566295932,654.8767756663273,324.87559403097515
2021-02-23 13:00:00,624.5664066552862,523.271270078311,690.704496088179,333.3766919839074
2021-02-23 14:00:00,592.3727096202181,508.1905611384897,683.1292700529089,294.0430439138717
2021-02-23 15:00:00,563.0315210073063,499.73356590528283,667.0054951754154,247.40704104783924
2021-02-23 16:00:00,432.6160217255743,391.782543508479,508.9131405757617,182.13532680161168
2021-02-23 17:00:00,209.47778689460588,193.19968325372307,258.32099293230885,92.37928026317395
2021-02-23 18:00:00,70.61324431763362,43.40230118947526,81.65722224637825,15.324852920257149
2021-02-23 19:00:00,58.473028316711414,38.28555720994995,77.27306865237038,8.09499700876824
2021-02-23 20:00:00,58.473028316711414,38.28555720994995,77.34668929764747,10.262239298514563
2021-02-23 21:00:00,58.473028316711414,38.28555720994995,77.34668929764747,12.934480895484265
2021-02-23 22:00:00,58.473028316711414,38.28555720994995,77.34668929764747,7.429263915674408
2021-02-23 23:00:00,58.473028316711414,38.28555720994995,77.34668929764747,7.671006341616727
2021-02-23 24:00:00,59.702933486762056,53.9096669341398,79.77999393357993,16.12213177848187
2021-02-24 01:00:00,59.702933486762056,53.9096669341398,79.7576179334073,12.762060714628857
2021-02-24 02:00:00,59.702933486762056,53.9096669341398,79.7576179334073,11.91958887516738
2021-02-24 03:00:00,59.64662692851615,54.21248962068237,79.88453613893853,11.857255935517179
2021-02-24 04:00:00,59.9689799596484,53.80926903509578,79.84825961830717,11.864061263592655
2021-02-24 05:00:00,124.25214844083062,89.8918362803048,131.0830132187235,67.80185028701744
2021-02-24 06:00:00,115.8034990850593,108.22175576154444,162.72913992611805,14.325552350719372
2021-02-24 07:00:00,79.7462794611878,60.732885647640195,108.02438602325562,8.09132103205792
2021-02-24 08:00:00,79.7462794611878,60.732885647640195,108.02438602325562,13.31684211775603
2021-02-24 09:00:00,122.42415097336499,85.47771297618897,144.7001275024613,64.5484990253536
2021-02-24 10:00:00,281.797907509087,213.6736713683547,283.8824567498553,142.6117302334583
2021-02-24 11:00:00,351.9722880221516,314.76765115857614,412.56529717754256,166.51514484119312
2021-02-24 12:00:00,437.422144824595,376.5924862009021,485.528625270872,175.38054529318956
2021-02-24 13:00:00,534.1406185548931,465.43380534095627,601.2390757222746,189.11361233531557
2021-02-24 14:00:00,588.990028878811,507.96010192358796,638.6159175263854,168.3732086373544
2021-02-24 15:00:00,568.3225109346076,504.191460832942,635.110569880722,145.99791128014934
2021-02-24 16:00:00,457.40169066651043,410.5150552669586,539.2307403798101,108.1373993345661
2021-02-24 17:00:00,214.8880398880809,213.82818311364213,297.44759323831084,52.31556434340604
2021-02-24 18:00:00,69.73875781641881,59.73484647891911,85.12299260073436,2.9480366588059383
2021-02-24 19:00:00,56.14974805658782,31.699922541548478,71.09479895417492,1.0280790034291156
2021-02-24 20:00:00,51.500499744974036,27.54926501701773,66.24710357951732,-1.3071262914127537
2021-02-24 21:00:00,49.35009940673132,23.82823833594685,63.04714481779117,2.785394716684048
2021-02-24 22:00:00,48.233572572351505,24.087556832337622,64.72683380169043,2.1889624380095687
2021-02-24 23:00:00,48.233572572351505,24.903070706324495,65.60449789524814,1.0839168257257263
2021-02-24 24:00:00,48.974109267027465,24.70070061320216,60.560152797508806,-1.451543833494597
2021-02-25 01:00:00,48.974109267027465,24.70070061320216,60.55551192630259,-1.451543833494597
2021-02-25 02:00:00,48.974109267027465,24.70070061320216,60.55551192630259,-1.451543833494597
2021-02-25 03:00:00,48.96129030365561,24.51498546105864,60.729770863681665,-1.451543833494597
2021-02-25 04:00:00,49.57195930202162,25.074106911283366,64.07391176895935,-1.5015943569514285
2021-02-25 05:00:00,80.73556019059556,33.07564758202514,70.28051476944829,21.501337493712324
2021-02-25 06:00:00,49.98904240176855,27.644059547875475,69.86708175031642,0.6524012134607537
2021-02-25 07:00:00,51.492673786542554,26.88151220645514,69.15539705270486,-1.4119346470352359
2021-02-25 08:00:00,56.302383792074046,25.68394577407575,68.96395474230248,2.644766452357476
2021-02-25 09:00:00,99.38167497380863,71.5694231006474,120.81982200390962,31.92891440323199
2021-02-25 10:00:00,242.61151848642956,146.25371307041144,213.61135944188393,94.24131420772882
2021-02-25 11:00:00,295.715075508819,229.09013643071174,303.8320154165023,140.93730361976876
2021-02-25 12:00:00,303.449095897572,267.4686319273223,346.6540685599717,170.64819791945214
2021-02-25 13:00:00,297.8142209151417,268.80208524263065,356.543729944025,189.24682927464292
2021-02-25 14:00:00,269.77417640234444,262.6086670007394,318.14507165249273,179.28747138127974
2021-02-25 15:00:00,261.957443629422,254.73898789184747,320.5840168002045,160.28753913956768
2021-02-25 16:00:00,232.4948910933537,181.93992707540272,263.3267313452228,104.79866651578766
2021-02-25 17:00:00,175.55321948125027,113.74844363961995,164.18977740926698,52.00027164856624
2021-02-25 18:00:00,66.91907927096203,41.87841634487761,70.47397483106577,-0.2724984441239668
2021-02-25 19:00:00,47.522628005917106,24.665218975433657,65.86228143905106,-6.292417504186787
2021-02-25 20:00:00,46.63056482735388,25.923904031149238,70.19983789354131,-4.701309951377382
2021-02-25 21:00:00,45.07736979945838,28.638828317015804,73.80773599119124,3.3462692154447375
2021-02-25 22:00:00,47.44193135196588,26.13995249096219,70.17696451497171,0.7810382907929254
2021-02-25 23:00:00,48.233572572351505,24.903070706324495,65.50861999653027,1.0717379730208247
2021-02-25 24:00:00,51.45741284644938,23.094309426238013,59.44585799110624,-2.9725867853661243
2021-02-26 01:00:00,48.974109267027465,23.909870471439337,59.56761912277536,-1.4409058396787466
2021-02-26 02:00:00,48.974109267027465,24.70070061320216,60.560152797508806,-1.3590197128856953
2021-02-26 03:00:00,48.974109267027465,24.70070061320216,60.560152797508806,-1.3590197128856953
2021-02-26 04:00:00,48.974109267027465,24.70070061320216,60.560152797508806,-1.0393117674333063
2021-02-26 05:00:00,104.38621136692116,55.54149018575964,90.62342409070766,6.452080309270162
2021-02-26 06:00:00,90.42329346493568,40.62283300166206,70.74332323455339,1.2976842589124724
2021-02-26 07:00:00,68.8852042624761,47.296385814688904,93.72358310151206,0.5603472681333485
2021-02-26 08:00:00,76.85006693279297,49.63237848697208,100.06667120042236,3.7817578684262574
2021-02-26 09:00:00,138.8133876587856,102.45081031268835,169.33857840365104,29.41997164757774
2021-02-26 10:00:00,336.16657458016124,253.7559943298987,334.0095350353413,74.51817711043941
2021-02-26 11:00:00,503.67636847483254,433.09871200876154,531.0232308773119,129.00648665329973
2021-02-26 12:00:00,590.999448449641,498.74589143782697,620.811760448515,164.75212713361347
2021-02-26 13:00:00,608.6337928303268,521.5826543368931,652.0848831259219,170.28026787185414
2021-02-26 14:00:00,575.5823506417169,519.0039660686988,649.0761899303487,170.1508849653072
2021-02-26 15:00:00,549.9170655176458,498.86565683774734,626.8984547503322,162.1656029430644
2021-02-26 16:00:00,444.49321714060784,407.7188910847877,532.5846641159447,129.60469142174102
2021-02-26 17:00:00,235.0203010576936,223.95797260004656,299.715319125656,66.8448333825767
2021-02-26 18:00:00,70.59038867308026,62.256811341123715,86.76347781771148,12.954708309691796
2021-02-26 19:00:00,58.38251474110316,38.41562734669066,77.21801168593392,2.4624493877130402
2021-02-26 20:00:00,57.65024361709404,38.41562734669066,77.21801168593392,0.5830746719876506
2021-02-26 21:00:00,57.41790311441449,35.31217505970731,70.90548027371214,0.38167244429750785
2021-02-26 22:00:00,56.14974805658782,31.699922541548478,71.09479895417492,1.0708092402425435
2021-02-26 23:00:00,51.500499744974036,27.54926501701773,66.24710357951732,1.9577998944133637
2021-02-26 24:00:00,51.698619938596266,23.094309426238013,59.44585799110624,1.525885169951156
2021-02-27 01:00:00,49.21531635917435,24.70070061320216,60.560152797508806,3.0412868154397277
2021-02-27 02:00:00,49.82598535754036,25.25982206342688,63.9042937027865,3.814453386778665
2021-02-27 03:00:00,47.08925244465456,27.925818370762613,66.894061242759,3.4247362373052828
2021-02-27 04:00:00,49.772695903802656,28.759368176490074,67.82127432618604,1.9914674459760011
2021-02-27 05:00:00,49.78698018413869,29.638659277960226,69.2812670937286,44.30354014465372
2021-02-27 06:00:00,48.11806410490934,29.693669896738232,69.2812670937286,4.2355039701746975
2021-02-27 07:00:00,48.10107507849196,27.847380748912126,69.61588541487373,-0.39039165065690756
2021-02-27 08:00:00,54.87608396289443,26.902782886816606,67.03927371130185,4.814626299421312
2021-02-27 09:00:00,127.04554001410482,94.66049132094008,154.87589435586307,39.39721950367422
2021-02-27 10:00:00,331.39896406165826,225.89996920691013,332.53074082708133,99.73547117037423
2021-02-27 11:00:00,487.01861518447555,417.46533161271344,512.6747769596158,134.71366776300613
2021-02-27 12:00:00,584.7819670415229,497.8849370287292,621.5000046426535,174.7514952715861
2021-02-27 13:00:00,602.4163114222084,521.2319167042997,653.6897727952554,178.238060103649
2021-02-27 14:00:00,575.0736818726466,517.5840527690532,649.0761899303487,161.70034795128905
2021-02-27 15:00:00,549.4083967485753,497.44574353810185,626.8984547503322,150.27041294182172
2021-02-27 16:00:00,444.49321714060784,408.22197045361395,534.2193715271047,129.59462565123522
2021-02-27 17:00:00,235.3763008713826,223.95797260004656,299.715319125656,70.31670056594325
2021-02-27 18:00:00,70.59038867308026,62.256811341123715,86.76347781771148,13.865186640374956
2021-02-27 19:00:00,58.38251474110316,38.41562734669066,77.21801168593392,1.3026727783333125
2021-02-27 20:00:00,57.65024361709404,38.41562734669066,77.21801168593392,1.5582095095244577
2021-02-27 21:00:00,57.41790311441449,35.31217505970731,70.90548027371214,2.7496078537681927
2021-02-27 22:00:00,56.39095514873471,31.699922541548478,70.99892105545705,2.14978965201159
2021-02-27 23:00:00,51.74170683712092,27.54926501701773,66.15122568079944,1.5678124752811904
2021-02-27 24:00:00,51.68580097522442,22.908594274094497,59.80602344245404,2.032187763654566
2021-02-28 01:00:00,49.2024973958025,23.724155319295818,59.90540857395053,2.0938912801367344
2021-02-28 02:00:00,49.2024973958025,24.51498546105864,60.89794224868398,1.0868293602089265
2021-02-28 03:00:00,48.093617220797704,24.32257027290798,60.816076468315835,0.7261306212027523
2021-02-28 04:00:00,49.81316639416851,25.074106911283366,64.24208315396167,0.9983724913336632
2021-02-28 05:00:00,78.55519418336326,33.07564758202514,70.4486861544506,25.593151380313586
2021-02-28 06:00:00,50.23024949391544,27.644059547875475,70.05762913549137,-0.4810755790915408
2021-02-28 07:00:00,56.55640984759279,25.8872669751124,68.78969580492343,-3.1595375778764256
2021-02-28 08:00:00,54.87608396289443,26.902782886816606,67.03463284009564,1.9763493826858654
2021-02-28 09:00:00,127.04554001410482,94.66049132094008,155.04557830677172,40.851377085782026
2021-02-28 10:00:00,331.65211205773545,225.89996920691013,332.70042477798995,97.53663032124298
2021-02-28 11:00:00,484.4475417139797,416.94627868985464,511.6353302272419,148.98333978946343
2021-02-28 12:00:00,588.3087166317246,498.2383973686385,617.4742872991735,179.52503394779993
2021-02-28 13:00:00,596.6800961718384,506.94050145144723,645.1802438402856,178.88993342819933
2021-02-28 14:00:00,585.8423264614572,493.71889290556624,635.9692361064207,146.8042193981247
2021-02-28 15:00:00,510.1469558000219,377.78581982106726,504.7109481936116,128.17083931567072
2021-02-28 16:00:00,373.3442028698762,266.68701313486173,355.5205061869747,88.15082778919441
2021-02-28 17:00:00,200.8293519072466,169.94554014500375,233.7486897178167,47.508000009534264
2021-02-28 18:00:00,66.93436235431359,50.27687808895781,78.51213486256516,9.649949239972505
2021-02-28 19:00:00,50.6811065429963,31.20158830411971,66.82769783642574,0.1503660454607472
2021-02-28 20:00:00,48.159817882936885,25.53971830780618,64.80136215045736,2.5119069439155273
2021-02-28 21:00:00,48.95533460573889,23.25373192368782,62.66699747992606,2.438453941202122
2021-02-28 22:00:00,48.159817882936885,25.53971830780618,64.80136215045736,3.4995189024429645
2021-02-28 23:00:00,48.159817882936885,25.53971830780618,64.80136215045736,3.2613787329318544
2021-02-28 24:00:00,51.69566779476015,27.752853350100292,63.769887828499115,3.5021633604030096
2021-06-09 01:00:00,0.0,0.0,0.0,0.0
2021-06-09 02:00:00,0.0,0.0,0.0,0.0
2021-06-09 03:00:00,0.0,0.0,0.0,0.0
2021-06-09 04:00:00,0.0,0.0,0.0,0.0
2021-06-09 05:00:00,0.0,0.0,0.0,0.0
2021-06-09 06:00:00,0.0,0.0,0.0,0.0
2021-06-09 07:00:00,0.0,0.0,0.0,0.0
2021-06-09 08:00:00,0.0,0.0,0.0,0.0
2021-06-09 09:00:00,0.0,0.0,0.0,0.0
2021-06-09 10:00:00,0.0,0.0,0.0,0.0
2021-06-09 11:00:00,0.0,0.0,0.0,0.0
2021-06-09 12:00:00,0.0,0.0,0.0,0.0
2021-06-09 13:00:00,0.0,0.0,0.0,0.0
2021-06-09 14:00:00,0.0,0.0,0.0,0.0
2021-06-09 15:00:00,0.0,0.0,0.0,0.0
2021-06-09 16:00:00,0.0,0.0,0.0,0.0
2021-06-09 17:00:00,0.0,0.0,0.0,0.0
2021-06-09 18:00:00,0.0,0.0,0.0,0.0
2021-06-09 19:00:00,0.0,0.0,0.0,0.0
2021-06-09 20:00:00,0.0,0.0,0.0,0.0
2021-06-09 21:00:00,0.0,0.0,0.0,0.0
2021-06-09 22:00:00,0.0,0.0,0.0,0.0
2021-06-09 23:00:00,0.0,0.0,0.0,0.0
2021-06-09 24:00:00,0.0,0.0,0.0,0.0
2021-06-10 01:00:00,0.0,0.0,0.0,0.0
2021-06-10 02:00:00,0.0,0.0,0.0,0.0
2021-06-10 03:00:00,0.0,0.0,0.0,0.0
2021-06-10 04:00:00,0.0,0.0,0.0,0.0
2021-06-10 05:00:00,0.0,0.0,0.0,0.0
2021-06-10 06:00:00,0.0,0.0,0.0,0.0
2021-06-10 07:00:00,0.0,0.0,0.0,0.0
2021-06-10 08:00:00,0.0,0.0,0.0,0.0
2021-06-10 09:00:00,0.0,0.0,0.0,0.0
2021-06-10 10:00:00,0.0,0.0,0.0,0.0
2021-06-10 11:00:00,0.0,0.0,0.0,0.0
2021-06-10 12:00:00,0.0,0.0,0.0,0.0
2021-06-10 13:00:00,0.0,0.0,0.0,0.0
2021-06-10 14:00:00,0.0,0.0,0.0,0.0
2021-06-10 15:00:00,0.0,0.0,0.0,0.0
2021-06-10 16:00:00,0.0,0.0,0.0,0.0
2021-06-10 17:00:00,0.0,0.0,0.0,0.0
2021-06-10 18:00:00,0.0,0.0,0.0,0.0
2021-06-10 19:00:00,0.0,0.0,0.0,0.0
2021-06-10 20:00:00,0.0,0.0,0.0,0.0
2021-06-10 21:00:00,0.0,0.0,0.0,0.0
2021-06-10 22:00:00,0.0,0.0,0.0,0.0
2021-06-10 23:00:00,0.0,0.0,0.0,0.0
2021-06-10 24:00:00,0.0,0.0,0.0,0.0
2021-06-11 01:00:00,0.0,0.0,0.0,0.0
2021-06-11 02:00:00,0.0,0.0,0.0,0.0
2021-06-11 03:00:00,0.0,0.0,0.0,0.0
2021-06-11 04:00:00,0.0,0.0,0.0,0.0
2021-06-11 05:00:00,0.0,0.0,0.0,0.0
2021-06-11 06:00:00,0.0,0.0,0.0,0.0
2021-06-11 07:00:00,0.0,0.0,0.0,0.0
2021-06-11 08:00:00,0.0,0.0,0.0,0.0
2021-06-11 09:00:00,0.0,0.0,0.0,0.0
2021-06-11 10:00:00,0.0,0.0,0.0,0.0
2021-06-11 11:00:00,0.0,0.0,0.0,0.0
2021-06-11 12:00:00,0.0,0.0,0.0,0.0
2021-06-11 13:00:00,0.0,0.0,0.0,0.0
2021-06-11 14:00:00,0.0,0.0,0.0,0.0
2021-06-11 15:00:00,0.0,0.0,0.0,0.0
2021-06-11 16:00:00,0.0,0.0,0.0,0.0
2021-06-11 17:00:00,0.0,0.0,0.0,0.0
2021-06-11 18:00:00,0.0,0.0,0.0,0.0
2021-06-11 19:00:00,0.0,0.0,0.0,0.0
2021-06-11 20:00:00,0.0,0.0,0.0,0.0
2021-06-11 21:00:00,0.0,0.0,0.0,0.0
2021-06-11 22:00:00,0.0,0.0,0.0,0.0
2021-06-11 23:00:00,0.0,0.0,0.0,0.0
2021-06-11 24:00:00,0.0,0.0,0.0,0.0
2021-06-12 01:00:00,0.0,0.0,0.0,0.0
2021-06-12 02:00:00,0.0,0.0,0.0,0.0
2021-06-12 03:00:00,0.0,0.0,0.0,0.0
2021-06-12 04:00:00,0.0,0.0,0.0,0.0
2021-06-12 05:00:00,0.0,0.0,0.0,0.0
2021-06-12 06:00:00,0.0,0.0,0.0,0.0
2021-06-12 07:00:00,0.0,0.0,0.0,0.0
2021-06-12 08:00:00,0.0,0.0,0.0,0.0
2021-06-12 09:00:00,0.0,0.0,0.0,0.0
2021-06-12 10:00:00,0.0,0.0,0.0,0.0
2021-06-12 11:00:00,0.0,0.0,0.0,0.0
2021-06-12 12:00:00,0.0,0.0,0.0,0.0
2021-06-12 13:00:00,0.0,0.0,0.0,0.0
2021-06-12 14:00:00,0.0,0.0,0.0,0.0
2021-06-12 15:00:00,0.0,0.0,0.0,0.0
2021-06-12 16:00:00,0.0,0.0,0.0,0.0
2021-06-12 17:00:00,0.0,0.0,0.0,0.0
2021-06-12 18:00:00,0.0,0.0,0.0,0.0
2021-06-12 19:00:00,0.0,0.0,0.0,0.0
2021-06-12 20:00:00,0.0,0.0,0.0,0.0
2021-06-12 21:00:00,0.0,0.0,0.0,0.0
2021-06-12 22:00:00,0.0,0.0,0.0,0.0
2021-06-12 23:00:00,0.0,0.0,0.0,0.0
2021-06-12 24:00:00,0.0,0.0,0.0,0.0
2021-06-13 01:00:00,0.0,0.0,0.0,0.0
2021-06-13 02:00:00,0.0,0.0,0.0,0.0
2021-06-13 03:00:00,0.0,0.0,0.0,0.0
2021-06-13 04:00:00,0.0,0.0,0.0,0.0
2021-06-13 05:00:00,0.0,0.0,0.0,0.0
2021-06-13 06:00:00,0.0,0.0,0.0,0.0
2021-06-13 07:00:00,0.0,0.0,0.0,0.0
2021-06-13 08:00:00,0.0,0.0,0.0,0.0
2021-06-13 09:00:00,0.0,0.0,0.0,0.0
2021-06-13 10:00:00,0.0,0.0,0.0,0.0
2021-06-13 11:00:00,0.0,0.0,0.0,0.0
2021-06-13 12:00:00,0.0,0.0,0.0,0.0
2021-06-13 13:00:00,0.0,0.0,0.0,0.0
2021-06-13 14:00:00,0.0,0.0,0.0,0.0
2021-06-13 15:00:00,0.0,0.0,0.0,0.0
2021-06-13 16:00:00,0.0,0.0,0.0,0.0
2021-06-13 17:00:00,0.0,0.0,0.0,0.0
2021-06-13 18:00:00,0.0,0.0,0.0,0.0
2021-06-13 19:00:00,0.0,0.0,0.0,0.0
2021-06-13 20:00:00,0.0,0.0,0.0,0.0
2021-06-13 21:00:00,0.0,0.0,0.0,0.0
2021-06-13 22:00:00,0.0,0.0,0.0,0.0
2021-06-13 23:00:00,0.0,0.0,0.0,0.0
2021-06-13 24:00:00,0.0,0.0,0.0,0.0
2021-06-14 01:00:00,0.0,0.0,0.0,0.0
2021-06-14 02:00:00,0.0,0.0,0.0,0.0
2021-06-14 03:00:00,0.0,0.0,0.0,0.0
2021-06-14 04:00:00,0.0,0.0,0.0,0.0
2021-06-14 05:00:00,0.0,0.0,0.0,0.0
2021-06-14 06:00:00,0.0,0.0,0.0,0.0
2021-06-14 07:00:00,0.0,0.0,0.0,0.0
2021-06-14 08:00:00,0.0,0.0,0.0,0.0
2021-06-14 09:00:00,0.0,0.0,0.0,0.0
2021-06-14 10:00:00,0.0,0.0,0.0,0.0
2021-06-14 11:00:00,0.0,0.0,0.0,0.0
2021-06-14 12:00:00,0.0,0.0,0.0,0.0
2021-06-14 13:00:00,0.0,0.0,0.0,0.0
2021-06-14 14:00:00,0.0,0.0,0.0,0.0
2021-06-14 15:00:00,0.0,0.0,0.0,0.0
2021-06-14 16:00:00,0.0,0.0,0.0,0.0
2021-06-14 17:00:00,0.0,0.0,0.0,0.0
2021-06-14 18:00:00,0.0,0.0,0.0,0.0
2021-06-14 19:00:00,0.0,0.0,0.0,0.0
2021-06-14 20:00:00,0.0,0.0,0.0,0.0
2021-06-14 21:00:00,0.0,0.0,0.0,0.0
2021-06-14 22:00:00,0.0,0.0,0.0,0.0
2021-06-14 23:00:00,0.0,0.0,0.0,0.0
2021-06-14 24:00:00,0.0,0.0,0.0,0.0
2021-06-15 01:00:00,0.0,0.0,0.0,0.0
2021-06-15 02:00:00,0.0,0.0,0.0,0.0
2021-06-15 03:00:00,0.0,0.0,0.0,0.0
2021-06-15 04:00:00,0.0,0.0,0.0,0.0
2021-06-15 05:00:00,0.0,0.0,0.0,0.0
2021-06-15 06:00:00,0.0,0.0,0.0,0.0
2021-06-15 07:00:00,0.0,0.0,0.0,0.0
2021-06-15 08:00:00,0.0,0.0,0.0,0.0
2021-06-15 09:00:00,0.0,0.0,0.0,0.0
2021-06-15 10:00:00,0.0,0.0,0.0,0.0
2021-06-15 11:00:00,0.0,0.0,0.0,0.0
2021-06-15 12:00:00,0.0,0.0,0.0,0.0
2021-06-15 13:00:00,0.0,0.0,0.0,0.0
2021-06-15 14:00:00,0.0,0.0,0.0,0.0
2021-06-15 15:00:00,0.0,0.0,0.0,0.0
2021-06-15 16:00:00,0.0,0.0,0.0,0.0
2021-06-15 17:00:00,0.0,0.0,0.0,0.0
2021-06-15 18:00:00,0.0,0.0,0.0,0.0
2021-06-15 19:00:00,0.0,0.0,0.0,0.0
2021-06-15 20:00:00,0.0,0.0,0.0,0.0
2021-06-15 21:00:00,0.0,0.0,0.0,0.0
2021-06-15 22:00:00,0.0,0.0,0.0,0.0
2021-06-15 23:00:00,0.0,0.0,0.0,0.0
2021-06-15 24:00:00,0.0,0.0,0.0,0.0
2021-06-16 01:00:00,0.0,0.0,0.0,0.0
2021-06-16 02:00:00,0.0,0.0,0.0,0.0
2021-06-16 03:00:00,0.0,0.0,0.0,0.0
2021-06-16 04:00:00,0.0,0.0,0.0,0.0
2021-06-16 05:00:00,0.0,0.0,0.0,0.0
2021-06-16 06:00:00,0.0,0.0,0.0,0.0
2021-06-16 07:00:00,0.0,0.0,0.0,0.0
2021-06-16 08:00:00,0.0,0.0,0.0,0.0
2021-06-16 09:00:00,0.0,0.0,0.0,0.0
2021-06-16 10:00:00,0.0,0.0,0.0,0.0
2021-06-16 11:00:00,0.0,0.0,0.0,0.0
2021-06-16 12:00:00,0.0,0.0,0.0,0.0
2021-06-16 13:00:00,0.0,0.0,0.0,0.0
2021-06-16 14:00:00,0.0,0.0,0.0,0.0
2021-06-16 15:00:00,0.0,0.0,0.0,0.0
2021-06-16 16:00:00,0.0,0.0,0.0,0.0
2021-06-16 17:00:00,0.0,0.0,0.0,0.0
2021-06-16 18:00:00,0.0,0.0,0.0,0.0
2021-06-16 19:00:00,0.0,0.0,0.0,0.0
2021-06-16 20:00:00,0.0,0.0,0.0,0.0
2021-06-16 21:00:00,0.0,0.0,0.0,0.0
2021-06-16 22:00:00,0.0,0.0,0.0,0.0
2021-06-16 23:00:00,0.0,0.0,0.0,0.0
2021-06-16 24:00:00,0.0,0.0,0.0,0.0
2021-06-17 01:00:00,0.0,0.0,0.0,0.0
2021-06-17 02:00:00,0.0,0.0,0.0,0.0
2021-06-17 03:00:00,0.0,0.0,0.0,0.0
2021-06-17 04:00:00,0.0,0.0,0.0,0.0
2021-06-17 05:00:00,0.0,0.0,0.0,0.0
2021-06-17 06:00:00,0.0,0.0,0.0,0.0
2021-06-17 07:00:00,0.0,0.0,0.0,0.0
2021-06-17 08:00:00,0.0,0.0,0.0,0.0
2021-06-17 09:00:00,0.0,0.0,0.0,0.0
2021-06-17 10:00:00,0.0,0.0,0.0,0.0
2021-06-17 11:00:00,0.0,0.0,0.0,0.0
2021-06-17 12:00:00,0.0,0.0,0.0,0.0
2021-06-17 13:00:00,0.0,0.0,0.0,0.0
2021-06-17 14:00:00,0.0,0.0,0.0,0.0
2021-06-17 15:00:00,0.0,0.0,0.0,0.0
2021-06-17 16:00:00,0.0,0.0,0.0,0.0
2021-06-17 17:00:00,0.0,0.0,0.0,0.0
2021-06-17 18:00:00,0.0,0.0,0.0,0.0
2021-06-17 19:00:00,0.0,0.0,0.0,0.0
2021-06-17 20:00:00,0.0,0.0,0.0,0.0
2021-06-17 21:00:00,0.0,0.0,0.0,0.0
2021-06-17 22:00:00,0.0,0.0,0.0,0.0
2021-06-17 23:00:00,0.0,0.0,0.0,0.0
2021-06-17 24:00:00,0.0,0.0,0.0,0.0
2021-06-18 01:00:00,0.0,0.0,0.0,0.0
2021-06-18 02:00:00,0.0,0.0,0.0,0.0
2021-06-18 03:00:00,0.0,0.0,0.0,0.0
2021-06-18 04:00:00,0.0,0.0,0.0,0.0
2021-06-18 05:00:00,0.0,0.0,0.0,0.0
2021-06-18 06:00:00,0.0,0.0,0.0,0.0
2021-06-18 07:00:00,0.0,0.0,0.0,0.0
2021-06-18 08:00:00,0.0,0.0,0.0,0.0
2021-06-18 09:00:00,0.0,0.0,0.0,0.0
2021-06-18 10:00:00,0.0,0.0,0.0,0.0
2021-06-18 11:00:00,0.0,0.0,0.0,0.0
2021-06-18 12:00:00,0.0,0.0,0.0,0.0
2021-06-18 13:00:00,0.0,0.0,0.0,0.0
2021-06-18 14:00:00,0.0,0.0,0.0,0.0
2021-06-18 15:00:00,0.0,0.0,0.0,0.0
2021-06-18 16:00:00,0.0,0.0,0.0,0.0
2021-06-18 17:00:00,0.0,0.0,0.0,0.0
2021-06-18 18:00:00,0.0,0.0,0.0,0.0
2021-06-18 19:00:00,0.0,0.0,0.0,0.0
2021-06-18 20:00:00,0.0,0.0,0.0,0.0
2021-06-18 21:00:00,0.0,0.0,0.0,0.0
2021-06-18 22:00:00,0.0,0.0,0.0,0.0
2021-06-18 23:00:00,0.0,0.0,0.0,0.0
2021-06-18 24:00:00,0.0,0.0,0.0,0.0
2021-06-19 01:00:00,0.0,0.0,0.0,0.0
2021-06-19 02:00:00,0.0,0.0,0.0,0.0
2021-06-19 03:00:00,0.0,0.0,0.0,0.0
2021-06-19 04:00:00,0.0,0.0,0.0,0.0
2021-06-19 05:00:00,0.0,0.0,0.0,0.0
2021-06-19 06:00:00,0.0,0.0,0.0,0.0
2021-06-19 07:00:00,0.0,0.0,0.0,0.0
2021-06-19 08:00:00,0.0,0.0,0.0,0.0
2021-06-19 09:00:00,0.0,0.0,0.0,0.0
2021-06-19 10:00:00,0.0,0.0,0.0,0.0
2021-06-19 11:00:00,0.0,0.0,0.0,0.0
2021-06-19 12:00:00,0.0,0.0,0.0,0.0
2021-06-19 13:00:00,0.0,0.0,0.0,0.0
2021-06-19 14:00:00,0.0,0.0,0.0,0.0
2021-06-19 15:00:00,0.0,0.0,0.0,0.0
2021-06-19 16:00:00,0.0,0.0,0.0,0.0
2021-06-19 17:00:00,0.0,0.0,0.0,0.0
2021-06-19 18:00:00,0.0,0.0,0.0,0.0
2021-06-19 19:00:00,0.0,0.0,0.0,0.0
2021-06-19 20:00:00,0.0,0.0,0.0,0.0
2021-06-19 21:00:00,0.0,0.0,0.0,0.0
2021-06-19 22:00:00,0.0,0.0,0.0,0.0
2021-06-19 23:00:00,0.0,0.0,0.0,0.0
2021-06-19 24:00:00,0.0,0.0,0.0,0.0
2021-06-20 01:00:00,0.0,0.0,0.0,0.0
2021-06-20 02:00:00,0.0,0.0,0.0,0.0
2021-06-20 03:00:00,0.0,0.0,0.0,0.0
2021-06-20 04:00:00,0.0,0.0,0.0,0.0
2021-06-20 05:00:00,0.0,0.0,0.0,0.0
2021-06-20 06:00:00,0.0,0.0,0.0,0.0
2021-06-20 07:00:00,0.0,0.0,0.0,0.0
2021-06-20 08:00:00,0.0,0.0,0.0,0.0
2021-06-20 09:00:00,0.0,0.0,0.0,0.0
2021-06-20 10:00:00,0.0,0.0,0.0,0.0
2021-06-20 11:00:00,0.0,0.0,0.0,0.0
2021-06-20 12:00:00,0.0,0.0,0.0,0.0
2021-06-20 13:00:00,0.0,0.0,0.0,0.0
2021-06-20 14:00:00,0.0,0.0,0.0,0.0
2021-06-20 15:00:00,0.0,0.0,0.0,0.0
2021-06-20 16:00:00,0.0,0.0,0.0,0.0
2021-06-20 17:00:00,0.0,0.0,0.0,0.0
2021-06-20 18:00:00,0.0,0.0,0.0,0.0
2021-06-20 19:00:00,0.0,0.0,0.0,0.0
2021-06-20 20:00:00,0.0,0.0,0.0,0.0
2021-06-20 21:00:00,0.0,0.0,0.0,0.0
2021-06-20 22:00:00,0.0,0.0,0.0,0.0
2021-06-20 23:00:00,0.0,0.0,0.0,0.0
2021-06-20 24:00:00,0.0,0.0,0.0,0.0
2021-06-21 01:00:00,0.0,0.0,0.0,0.0
2021-06-21 02:00:00,0.0,0.0,0.0,0.0
2021-06-21 03:00:00,0.0,0.0,0.0,0.0
2021-06-21 04:00:00,0.0,0.0,0.0,0.0
2021-06-21 05:00:00,0.0,0.0,0.0,0.0
2021-06-21 06:00:00,0.0,0.0,0.0,0.0
2021-06-21 07:00:00,0.0,0.0,0.0,0.0
2021-06-21 08:00:00,0.0,0.0,0.0,0.0
2021-06-21 09:00:00,0.0,0.0,0.0,0.0
2021-06-21 10:00:00,0.0,0.0,0.0,0.0
2021-06-21 11:00:00,0.0,0.0,0.0,0.0
2021-06-21 12:00:00,0.0,0.0,0.0,0.0
2021-06-21 13:00:00,0.0,0.0,0.0,0.0
2021-06-21 14:00:00,0.0,0.0,0.0,0.0
2021-06-21 15:00:00,0.0,0.0,0.0,0.0
2021-06-21 16:00:00,0.0,0.0,0.0,0.0
2021-06-21 17:00:00,0.0,0.0,0.0,0.0
2021-06-21 18:00:00,0.0,0.0,0.0,0.0
2021-06-21 19:00:00,0.0,0.0,0.0,0.0
2021-06-21 20:00:00,0.0,0.0,0.0,0.0
2021-06-21 21:00:00,0.0,0.0,0.0,0.0
2021-06-21 22:00:00,0.0,0.0,0.0,0.0
2021-06-21 23:00:00,0.0,0.0,0.0,0.0
2021-06-21 24:00:00,0.0,0.0,0.0,0.0
2021-06-22 01:00:00,0.0,0.0,0.0,0.0
2021-06-22 02:00:00,0.0,0.0,0.0,0.0
2021-06-22 03:00:00,0.0,0.0,0.0,0.0
2021-06-22 04:00:00,0.0,0.0,0.0,0.0
2021-06-22 05:00:00,0.0,0.0,0.0,0.0
2021-06-22 06:00:00,0.0,0.0,0.0,0.0
2021-06-22 07:00:00,0.0,0.0,0.0,0.0
2021-06-22 08:00:00,0.0,0.0,0.0,0.0
2021-06-22 09:00:00,0.0,0.0,0.0,0.0
2021-06-22 10:00:00,0.0,0.0,0.0,0.0
2021-06-22 11:00:00,0.0,0.0,0.0,0.0
2021-06-22 12:00:00,0.0,0.0,0.0,0.0
2021-06-22 13:00:00,0.0,0.0,0.0,0.0
2021-06-22 14:00:00,0.0,0.0,0.0,0.0
2021-06-22 15:00:00,0.0,0.0,0.0,0.0
2021-06-22 16:00:00,0.0,0.0,0.0,0.0
2021-06-22 17:00:00,0.0,0.0,0.0,0.0
2021-06-22 18:00:00,0.0,0.0,0.0,0.0
2021-06-22 19:00:00,0.0,0.0,0.0,0.0
2021-06-22 20:00:00,0.0,0.0,0.0,0.0
2021-06-22 21:00:00,0.0,0.0,0.0,0.0
2021-06-22 22:00:00,0.0,0.0,0.0,0.0
2021-06-22 23:00:00,0.0,0.0,0.0,0.0
2021-06-22 24:00:00,0.0,0.0,0.0,0.0
2021-06-23 01:00:00,0.0,0.0,0.0,0.0
2021-06-23 02:00:00,0.0,0.0,0.0,0.0
2021-06-23 03:00:00,0.0,0.0,0.0,0.0
2021-06-23 04:00:00,0.0,0.0,0.0,0.0
2021-06-23 05:00:00,0.0,0.0,0.0,0.0
2021-06-23 06:00:00,0.0,0.0,0.0,0.0
2021-06-23 07:00:00,0.0,0.0,0.0,0.0
2021-06-23 08:00:00,0.0,0.0,0.0,0.0
2021-06-23 09:00:00,0.0,0.0,0.0,0.0
2021-06-23 10:00:00,0.0,0.0,0.0,0.0
2021-06-23 11:00:00,0.0,0.0,0.0,0.0
2021-06-23 12:00:00,0.0,0.0,0.0,0.0
2021-06-23 13:00:00,0.0,0.0,0.0,0.0
2021-06-23 14:00:00,0.0,0.0,0.0,0.0
2021-06-23 15:00:00,0.0,0.0,0.0,0.0
2021-06-23 16:00:00,0.0,0.0,0.0,0.0
2021-06-23 17:00:00,0.0,0.0,0.0,0.0
2021-06-23 18:00:00,0.0,0.0,0.0,0.0
2021-06-23 19:00:00,0.0,0.0,0.0,0.0
2021-06-23 20:00:00,0.0,0.0,0.0,0.0
2021-06-23 21:00:00,0.0,0.0,0.0,0.0
2021-06-23 22:00:00,0.0,0.0,0.0,0.0
2021-06-23 23:00:00,0.0,0.0,0.0,0.0
2021-06-23 24:00:00,0.0,0.0,0.0,0.0
2021-06-24 01:00:00,0.0,0.0,0.0,0.0
2021-06-24 02:00:00,0.0,0.0,0.0,0.0
2021-06-24 03:00:00,0.0,0.0,0.0,0.0
2021-06-24 04:00:00,0.0,0.0,0.0,0.0
2021-06-24 05:00:00,0.0,0.0,0.0,0.0
2021-06-24 06:00:00,0.0,0.0,0.0,0.0
2021-06-24 07:00:00,0.0,0.0,0.0,0.0
2021-06-24 08:00:00,0.0,0.0,0.0,0.0
2021-06-24 09:00:00,0.0,0.0,0.0,0.0
2021-06-24 10:00:00,0.0,0.0,0.0,0.0
2021-06-24 11:00:00,0.0,0.0,0.0,0.0
2021-06-24 12:00:00,0.0,0.0,0.0,0.0
2021-06-24 13:00:00,0.0,0.0,0.0,0.0
2021-06-24 14:00:00,0.0,0.0,0.0,0.0
2021-06-24 15:00:00,0.0,0.0,0.0,0.0
2021-06-24 16:00:00,0.0,0.0,0.0,0.0
2021-06-24 17:00:00,0.0,0.0,0.0,0.0
2021-06-24 18:00:00,0.0,0.0,0.0,0.0
2021-06-24 19:00:00,0.0,0.0,0.0,0.0
2021-06-24 20:00:00,0.0,0.0,0.0,0.0
2021-06-24 21:00:00,0.0,0.0,0.0,0.0
2021-06-24 22:00:00,0.0,0.0,0.0,0.0
2021-06-24 23:00:00,0.0,0.0,0.0,0.0
2021-06-24 24:00:00,0.0,0.0,0.0,0.0
2021-06-25 01:00:00,0.0,0.0,0.0,0.0
2021-06-25 02:00:00,0.0,0.0,0.0,0.0
2021-06-25 03:00:00,0.0,0.0,0.0,0.0
2021-06-25 04:00:00,0.0,0.0,0.0,0.0
2021-06-25 05:00:00,0.0,0.0,0.0,0.0
2021-06-25 06:00:00,0.0,0.0,0.0,0.0
2021-06-25 07:00:00,0.0,0.0,0.0,0.0
2021-06-25 08:00:00,0.0,0.0,0.0,0.0
2021-06-25 09:00:00,0.0,0.0,0.0,0.0
2021-06-25 10:00:00,0.0,0.0,0.0,0.0
2021-06-25 11:00:00,0.0,0.0,0.0,0.0
2021-06-25 12:00:00,0.0,0.0,0.0,0.0
2021-06-25 13:00:00,0.0,0.0,0.0,0.0
2021-06-25 14:00:00,0.0,0.0,0.0,0.0
2021-06-25 15:00:00,0.0,0.0,0.0,0.0
2021-06-25 16:00:00,0.0,0.0,0.0,0.0
2021-06-25 17:00:00,0.0,0.0,0.0,0.0
2021-06-25 18:00:00,0.0,0.0,0.0,0.0
2021-06-25 19:00:00,0.0,0.0,0.0,0.0
2021-06-25 20:00:00,0.0,0.0,0.0,0.0
2021-06-25 21:00:00,0.0,0.0,0.0,0.0
2021-06-25 22:00:00,0.0,0.0,0.0,0.0
2021-06-25 23:00:00,0.0,0.0,0.0,0.0
2021-06-25 24:00:00,0.0,0.0,0.0,0.0
2021-06-26 01:00:00,0.0,0.0,0.0,0.0
2021-06-26 02:00:00,0.0,0.0,0.0,0.0
2021-06-26 03:00:00,0.0,0.0,0.0,0.0
2021-06-26 04:00:00,0.0,0.0,0.0,0.0
2021-06-26 05:00:00,0.0,0.0,0.0,0.0
2021-06-26 06:00:00,0.0,0.0,0.0,0.0
2021-06-26 07:00:00,0.0,0.0,0.0,0.0
2021-06-26 08:00:00,0.0,0.0,0.0,0.0
2021-06-26 09:00:00,0.0,0.0,0.0,0.0
2021-06-26 10:00:00,0.0,0.0,0.0,0.0
2021-06-26 11:00:00,0.0,0.0,0.0,0.0
2021-06-26 12:00:00,0.0,0.0,0.0,0.0
2021-06-26 13:00:00,0.0,0.0,0.0,0.0
2021-06-26 14:00:00,0.0,0.0,0.0,0.0
2021-06-26 15:00:00,0.0,0.0,0.0,0.0
2021-06-26 16:00:00,0.0,0.0,0.0,0.0
2021-06-26 17:00:00,0.0,0.0,0.0,0.0
2021-06-26 18:00:00,0.0,0.0,0.0,0.0
2021-06-26 19:00:00,0.0,0.0,0.0,0.0
2021-06-26 20:00:00,0.0,0.0,0.0,0.0
2021-06-26 21:00:00,0.0,0.0,0.0,0.0
2021-06-26 22:00:00,0.0,0.0,0.0,0.0
2021-06-26 23:00:00,0.0,0.0,0.0,0.0
2021-06-26 24:00:00,0.0,0.0,0.0,0.0
2021-06-27 01:00:00,0.0,0.0,0.0,0.0
2021-06-27 02:00:00,0.0,0.0,0.0,0.0
2021-06-27 03:00:00,0.0,0.0,0.0,0.0
2021-06-27 04:00:00,0.0,0.0,0.0,0.0
2021-06-27 05:00:00,0.0,0.0,0.0,0.0
2021-06-27 06:00:00,0.0,0.0,0.0,0.0
2021-06-27 07:00:00,0.0,0.0,0.0,0.0
2021-06-27 08:00:00,0.0,0.0,0.0,0.0
2021-06-27 09:00:00,0.0,0.0,0.0,0.0
2021-06-27 10:00:00,0.0,0.0,0.0,0.0
2021-06-27 11:00:00,0.0,0.0,0.0,0.0
2021-06-27 12:00:00,0.0,0.0,0.0,0.0
2021-06-27 13:00:00,0.0,0.0,0.0,0.0
2021-06-27 14:00:00,0.0,0.0,0.0,0.0
2021-06-27 15:00:00,0.0,0.0,0.0,0.0
2021-06-27 16:00:00,0.0,0.0,0.0,0.0
2021-06-27 17:00:00,0.0,0.0,0.0,0.0
2021-06-27 18:00:00,0.0,0.0,0.0,0.0
2021-06-27 19:00:00,0.0,0.0,0.0,0.0
2021-06-27 20:00:00,0.0,0.0,0.0,0.0
2021-06-27 21:00:00,0.0,0.0,0.0,0.0
2021-06-27 22:00:00,0.0,0.0,0.0,0.0
2021-06-27 23:00:00,0.0,0.0,0.0,0.0
2021-06-27 24:00:00,0.0,0.0,0.0,0.0
2021-06-28 01:00:00,0.0,0.0,0.0,0.0
2021-06-28 02:00:00,0.0,0.0,0.0,0.0
2021-06-28 03:00:00,0.0,0.0,0.0,0.0
2021-06-28 04:00:00,0.0,0.0,0.0,0.0
2021-06-28 05:00:00,0.0,0.0,0.0,0.0
2021-06-28 06:00:00,0.0,0.0,0.0,0.0
2021-06-28 07:00:00,0.0,0.0,0.0,0.0
2021-06-28 08:00:00,0.0,0.0,0.0,0.0
2021-06-28 09:00:00,0.0,0.0,0.0,0.0
2021-06-28 10:00:00,0.0,0.0,0.0,0.0
2021-06-28 11:00:00,0.0,0.0,0.0,0.0
2021-06-28 12:00:00,0.0,0.0,0.0,0.0
2021-06-28 13:00:00,0.0,0.0,0.0,0.0
2021-06-28 14:00:00,0.0,0.0,0.0,0.0
2021-06-28 15:00:00,0.0,0.0,0.0,0.0
2021-06-28 16:00:00,0.0,0.0,0.0,0.0
2021-06-28 17:00:00,0.0,0.0,0.0,0.0
2021-06-28 18:00:00,0.0,0.0,0.0,0.0
2021-06-28 19:00:00,0.0,0.0,0.0,0.0
2021-06-28 20:00:00,0.0,0.0,0.0,0.0
2021-06-28 21:00:00,0.0,0.0,0.0,0.0
2021-06-28 22:00:00,0.0,0.0,0.0,0.0
2021-06-28 23:00:00,0.0,0.0,0.0,0.0
2021-06-28 24:00:00,0.0,0.0,0.0,0.0
2021-06-29 01:00:00,0.0,0.0,0.0,0.0
2021-06-29 02:00:00,0.0,0.0,0.0,0.0
2021-06-29 03:00:00,0.0,0.0,0.0,0.0
2021-06-29 04:00:00,0.0,0.0,0.0,0.0
2021-06-29 05:00:00,0.0,0.0,0.0,0.0
2021-06-29 06:00:00,0.0,0.0,0.0,0.0
2021-06-29 07:00:00,0.0,0.0,0.0,0.0
2021-06-29 08:00:00,0.0,0.0,0.0,0.0
2021-06-29 09:00:00,0.0,0.0,0.0,0.0
2021-06-29 10:00:00,0.0,0.0,0.0,0.0
2021-06-29 11:00:00,0.0,0.0,0.0,0.0
2021-06-29 12:00:00,0.0,0.0,0.0,0.0
2021-06-29 13:00:00,0.0,0.0,0.0,0.0
2021-06-29 14:00:00,0.0,0.0,0.0,0.0
2021-06-29 15:00:00,0.0,0.0,0.0,0.0
2021-06-29 16:00:00,0.0,0.0,0.0,0.0
2021-06-29 17:00:00,0.0,0.0,0.0,0.0
2021-06-29 18:00:00,0.0,0.0,0.0,0.0
2021-06-29 19:00:00,0.0,0.0,0.0,0.0
2021-06-29 20:00:00,0.0,0.0,0.0,0.0
2021-06-29 21:00:00,0.0,0.0,0.0,0.0
2021-06-29 22:00:00,0.0,0.0,0.0,0.0
2021-06-29 23:00:00,0.0,0.0,0.0,0.0
2021-06-29 24:00:00,0.0,0.0,0.0,0.0
2021-06-30 01:00:00,0.0,0.0,0.0,0.0
2021-06-30 02:00:00,0.0,0.0,0.0,0.0
2021-06-30 03:00:00,0.0,0.0,0.0,0.0
2021-06-30 04:00:00,0.0,0.0,0.0,0.0
2021-06-30 05:00:00,0.0,0.0,0.0,0.0
2021-06-30 06:00:00,0.0,0.0,0.0,0.0
2021-06-30 07:00:00,0.0,0.0,0.0,0.0
2021-06-30 08:00:00,0.0,0.0,0.0,0.0
2021-06-30 09:00:00,0.0,0.0,0.0,0.0
2021-06-30 10:00:00,0.0,0.0,0.0,0.0
2021-06-30 11:00:00,0.0,0.0,0.0,0.0
2021-06-30 12:00:00,0.0,0.0,0.0,0.0
2021-06-30 13:00:00,0.0,0.0,0.0,0.0
2021-06-30 14:00:00,0.0,0.0,0.0,0.0
2021-06-30 15:00:00,0.0,0.0,0.0,0.0
2021-06-30 16:00:00,0.0,0.0,0.0,0.0
2021-06-30 17:00:00,0.0,0.0,0.0,0.0
2021-06-30 18:00:00,0.0,0.0,0.0,0.0
2021-06-30 19:00:00,0.0,0.0,0.0,0.0
2021-06-30 20:00:00,0.0,0.0,0.0,0.0
2021-06-30 21:00:00,0.0,0.0,0.0,0.0
2021-06-30 22:00:00,0.0,0.0,0.0,0.0
2021-06-30 23:00:00,0.0,0.0,0.0,0.0
2021-06-30 24:00:00,0.0,0.0,0.0,0.0
2021-07-01 01:00:00,0.0,0.0,0.0,0.0
2021-07-01 02:00:00,0.0,0.0,0.0,0.0
2021-07-01 03:00:00,0.0,0.0,0.0,0.0
2021-07-01 04:00:00,0.0,0.0,0.0,0.0
2021-07-01 05:00:00,0.0,0.0,0.0,0.0
2021-07-01 06:00:00,0.0,0.0,0.0,0.0
2021-07-01 07:00:00,0.0,0.0,0.0,0.0
2021-07-01 08:00:00,0.0,0.0,0.0,0.0
2021-07-01 09:00:00,0.0,0.0,0.0,0.0
2021-07-01 10:00:00,0.0,0.0,0.0,0.0
2021-07-01 11:00:00,0.0,0.0,0.0,0.0
2021-07-01 12:00:00,0.0,0.0,0.0,0.0
2021-07-01 13:00:00,0.0,0.0,0.0,0.0
2021-07-01 14:00:00,0.0,0.0,0.0,0.0
2021-07-01 15:00:00,0.0,0.0,0.0,0.0
2021-07-01 16:00:00,0.0,0.0,0.0,0.0
2021-07-01 17:00:00,0.0,0.0,0.0,0.0
2021-07-01 18:00:00,0.0,0.0,0.0,0.0
2021-07-01 19:00:00,0.0,0.0,0.0,0.0
2021-07-01 20:00:00,0.0,0.0,0.0,0.0
2021-07-01 21:00:00,0.0,0.0,0.0,0.0
2021-07-01 22:00:00,0.0,0.0,0.0,0.0
2021-07-01 23:00:00,0.0,0.0,0.0,0.0
2021-07-01 24:00:00,0.0,0.0,0.0,0.0
2021-07-02 01:00:00,0.0,0.0,0.0,0.0
2021-07-02 02:00:00,0.0,0.0,0.0,0.0
2021-07-02 03:00:00,0.0,0.0,0.0,0.0
2021-07-02 04:00:00,0.0,0.0,0.0,0.0
2021-07-02 05:00:00,0.0,0.0,0.0,0.0
2021-07-02 06:00:00,0.0,0.0,0.0,0.0
2021-07-02 07:00:00,0.0,0.0,0.0,0.0
2021-07-02 08:00:00,0.0,0.0,0.0,0.0
2021-07-02 09:00:00,0.0,0.0,0.0,0.0
2021-07-02 10:00:00,0.0,0.0,0.0,0.0
2021-07-02 11:00:00,0.0,0.0,0.0,0.0
2021-07-02 12:00:00,0.0,0.0,0.0,0.0
2021-07-02 13:00:00,0.0,0.0,0.0,0.0
2021-07-02 14:00:00,0.0,0.0,0.0,0.0
2021-07-02 15:00:00,0.0,0.0,0.0,0.0
2021-07-02 16:00:00,0.0,0.0,0.0,0.0
2021-07-02 17:00:00,0.0,0.0,0.0,0.0
2021-07-02 18:00:00,0.0,0.0,0.0,0.0
2021-07-02 19:00:00,0.0,0.0,0.0,0.0
2021-07-02 20:00:00,0.0,0.0,0.0,0.0
2021-07-02 21:00:00,0.0,0.0,0.0,0.0
2021-07-02 22:00:00,0.0,0.0,0.0,0.0
2021-07-02 23:00:00,0.0,0.0,0.0,0.0
2021-07-02 24:00:00,0.0,0.0,0.0,0.0
2021-07-03 01:00:00,0.0,0.0,0.0,0.0
2021-07-03 02:00:00,0.0,0.0,0.0,0.0
2021-07-03 03:00:00,0.0,0.0,0.0,0.0
2021-07-03 04:00:00,0.0,0.0,0.0,0.0
2021-07-03 05:00:00,0.0,0.0,0.0,0.0
2021-07-03 06:00:00,0.0,0.0,0.0,0.0
2021-07-03 07:00:00,0.0,0.0,0.0,0.0
2021-07-03 08:00:00,0.0,0.0,0.0,0.0
2021-07-03 09:00:00,0.0,0.0,0.0,0.0
2021-07-03 10:00:00,0.0,0.0,0.0,0.0
2021-07-03 11:00:00,0.0,0.0,0.0,0.0
2021-07-03 12:00:00,0.0,0.0,0.0,0.0
2021-07-03 13:00:00,0.0,0.0,0.0,0.0
2021-07-03 14:00:00,0.0,0.0,0.0,0.0
2021-07-03 15:00:00,0.0,0.0,0.0,0.0
2021-07-03 16:00:00,0.0,0.0,0.0,0.0
2021-07-03 17:00:00,0.0,0.0,0.0,0.0
2021-07-03 18:00:00,0.0,0.0,0.0,0.0
2021-07-03 19:00:00,0.0,0.0,0.0,0.0
2021-07-03 20:00:00,0.0,0.0,0.0,0.0
2021-07-03 21:00:00,0.0,0.0,0.0,0.0
2021-07-03 22:00:00,0.0,0.0,0.0,0.0
2021-07-03 23:00:00,0.0,0.0,0.0,0.0
2021-07-03 24:00:00,0.0,0.0,0.0,0.0
2021-07-04 01:00:00,0.0,0.0,0.0,0.0
2021-07-04 02:00:00,0.0,0.0,0.0,0.0
2021-07-04 03:00:00,0.0,0.0,0.0,0.0
2021-07-04 04:00:00,0.0,0.0,0.0,0.0
2021-07-04 05:00:00,0.0,0.0,0.0,0.0
2021-07-04 06:00:00,0.0,0.0,0.0,0.0
2021-07-04 07:00:00,0.0,0.0,0.0,0.0
2021-07-04 08:00:00,0.0,0.0,0.0,0.0
2021-07-04 09:00:00,0.0,0.0,0.0,0.0
2021-07-04 10:00:00,0.0,0.0,0.0,0.0
2021-07-04 11:00:00,0.0,0.0,0.0,0.0
2021-07-04 12:00:00,0.0,0.0,0.0,0.0
2021-07-04 13:00:00,0.0,0.0,0.0,0.0
2021-07-04 14:00:00,0.0,0.0,0.0,0.0
2021-07-04 15:00:00,0.0,0.0,0.0,0.0
2021-07-04 16:00:00,0.0,0.0,0.0,0.0
2021-07-04 17:00:00,0.0,0.0,0.0,0.0
2021-07-04 18:00:00,0.0,0.0,0.0,0.0
2021-07-04 19:00:00,0.0,0.0,0.0,0.0
2021-07-04 20:00:00,0.0,0.0,0.0,0.0
2021-07-04 21:00:00,0.0,0.0,0.0,0.0
2021-07-04 22:00:00,0.0,0.0,0.0,0.0
2021-07-04 23:00:00,0.0,0.0,0.0,0.0
2021-07-04 24:00:00,0.0,0.0,0.0,0.0
2021-07-05 01:00:00,0.0,0.0,0.0,0.0
2021-07-05 02:00:00,0.0,0.0,0.0,0.0
2021-07-05 03:00:00,0.0,0.0,0.0,0.0
2021-07-05 04:00:00,0.0,0.0,0.0,0.0
2021-07-05 05:00:00,0.0,0.0,0.0,0.0
2021-07-05 06:00:00,0.0,0.0,0.0,0.0
2021-07-05 07:00:00,0.0,0.0,0.0,0.0
2021-07-05 08:00:00,0.0,0.0,0.0,0.0
2021-07-05 09:00:00,0.0,0.0,0.0,0.0
2021-07-05 10:00:00,0.0,0.0,0.0,0.0
2021-07-05 11:00:00,0.0,0.0,0.0,0.0
2021-07-05 12:00:00,0.0,0.0,0.0,0.0
2021-07-05 13:00:00,0.0,0.0,0.0,0.0
2021-07-05 14:00:00,0.0,0.0,0.0,0.0
2021-07-05 15:00:00,0.0,0.0,0.0,0.0
2021-07-05 16:00:00,0.0,0.0,0.0,0.0
2021-07-05 17:00:00,0.0,0.0,0.0,0.0
2021-07-05 18:00:00,0.0,0.0,0.0,0.0
2021-07-05 19:00:00,0.0,0.0,0.0,0.0
2021-07-05 20:00:00,0.0,0.0,0.0,0.0
2021-07-05 21:00:00,0.0,0.0,0.0,0.0
2021-07-05 22:00:00,0.0,0.0,0.0,0.0
2021-07-05 23:00:00,0.0,0.0,0.0,0.0
2021-07-05 24:00:00,0.0,0.0,0.0,0.0
2021-07-06 01:00:00,0.0,0.0,0.0,0.0
2021-07-06 02:00:00,0.0,0.0,0.0,0.0
2021-07-06 03:00:00,0.0,0.0,0.0,0.0
2021-07-06 04:00:00,0.0,0.0,0.0,0.0
2021-07-06 05:00:00,0.0,0.0,0.0,0.0
2021-07-06 06:00:00,0.0,0.0,0.0,0.0
2021-07-06 07:00:00,0.0,0.0,0.0,0.0
2021-07-06 08:00:00,0.0,0.0,0.0,0.0
2021-07-06 09:00:00,0.0,0.0,0.0,0.0
2021-07-06 10:00:00,0.0,0.0,0.0,0.0
2021-07-06 11:00:00,0.0,0.0,0.0,0.0
2021-07-06 12:00:00,0.0,0.0,0.0,0.0
2021-07-06 13:00:00,0.0,0.0,0.0,0.0
2021-07-06 14:00:00,0.0,0.0,0.0,0.0
2021-07-06 15:00:00,0.0,0.0,0.0,0.0
2021-07-06 16:00:00,0.0,0.0,0.0,0.0
2021-07-06 17:00:00,0.0,0.0,0.0,0.0
2021-07-06 18:00:00,0.0,0.0,0.0,0.0
2021-07-06 19:00:00,0.0,0.0,0.0,0.0
2021-07-06 20:00:00,0.0,0.0,0.0,0.0
2021-07-06 21:00:00,0.0,0.0,0.0,0.0
2021-07-06 22:00:00,0.0,0.0,0.0,0.0
2021-07-06 23:00:00,0.0,0.0,0.0,0.0
2021-07-06 24:00:00,0.0,0.0,0.0,0.0
2021-07-07 01:00:00,0.0,0.0,0.0,0.0
2021-07-07 02:00:00,0.0,0.0,0.0,0.0
2021-07-07 03:00:00,0.0,0.0,0.0,0.0
2021-07-07 04:00:00,0.0,0.0,0.0,0.0
2021-07-07 05:00:00,0.0,0.0,0.0,0.0
2021-07-07 06:00:00,0.0,0.0,0.0,0.0
2021-07-07 07:00:00,0.0,0.0,0.0,0.0
2021-07-07 08:00:00,0.0,0.0,0.0,0.0
2021-07-07 09:00:00,0.0,0.0,0.0,0.0
2021-07-07 10:00:00,0.0,0.0,0.0,0.0
2021-07-07 11:00:00,0.0,0.0,0.0,0.0
2021-07-07 12:00:00,0.0,0.0,0.0,0.0
2021-07-07 13:00:00,0.0,0.0,0.0,0.0
2021-07-07 14:00:00,0.0,0.0,0.0,0.0
2021-07-07 15:00:00,0.0,0.0,0.0,0.0
2021-07-07 16:00:00,0.0,0.0,0.0,0.0
2021-07-07 17:00:00,0.0,0.0,0.0,0.0
2021-07-07 18:00:00,0.0,0.0,0.0,0.0
2021-07-07 19:00:00,0.0,0.0,0.0,0.0
2021-07-07 20:00:00,0.0,0.0,0.0,0.0
2021-07-07 21:00:00,0.0,0.0,0.0,0.0
2021-07-07 22:00:00,0.0,0.0,0.0,0.0
2021-07-07 23:00:00,0.0,0.0,0.0,0.0
2021-07-07 24:00:00,0.0,0.0,0.0,0.0
2021-07-08 01:00:00,0.0,0.0,0.0,0.0
2021-07-08 02:00:00,0.0,0.0,0.0,0.0
2021-07-08 03:00:00,0.0,0.0,0.0,0.0
2021-07-08 04:00:00,0.0,0.0,0.0,0.0
2021-07-08 05:00:00,0.0,0.0,0.0,0.0
2021-07-08 06:00:00,0.0,0.0,0.0,0.0
2021-07-08 07:00:00,0.0,0.0,0.0,0.0
2021-07-08 08:00:00,0.0,0.0,0.0,0.0
2021-07-08 09:00:00,0.0,0.0,0.0,0.0
2021-07-08 10:00:00,0.0,0.0,0.0,0.0
2021-07-08 11:00:00,0.0,0.0,0.0,0.0
2021-07-08 12:00:00,0.0,0.0,0.0,0.0
2021-07-08 13:00:00,0.0,0.0,0.0,0.0
2021-07-08 14:00:00,0.0,0.0,0.0,0.0
2021-07-08 15:00:00,0.0,0.0,0.0,0.0
2021-07-08 16:00:00,0.0,0.0,0.0,0.0
2021-07-08 17:00:00,0.0,0.0,0.0,0.0
2021-07-08 18:00:00,0.0,0.0,0.0,0.0
2021-07-08 19:00:00,0.0,0.0,0.0,0.0
2021-07-08 20:00:00,0.0,0.0,0.0,0.0
2021-07-08 21:00:00,0.0,0.0,0.0,0.0
2021-07-08 22:00:00,0.0,0.0,0.0,0.0
2021-07-08 23:00:00,0.0,0.0,0.0,0.0
2021-07-08 24:00:00,0.0,0.0,0.0,0.0
